source_id,title,youtube_id,transcript_rel,subtitle_rel,chapter_rel,video_rel,video_exists,transcript_words,transcript_sha256,last_timestamp,analysis_exists,narrative_map_exists,visual_notes_exists,figure_notes_exists,memory_fragment_exists,existing_book_mentions
1,Asking Billionaires If They Pay Taxes!,4uFVDpGTHPQ,markdown/lazyearn/school-of-hard-knocks/hard-knocks-interviews/001 - Asking Billionaires If They Pay Taxes! [4uFVDpGTHPQ].md,subtitles/lazyearn/school-of-hard-knocks/hard-knocks-interviews/001 - Asking Billionaires If They Pay Taxes! [4uFVDpGTHPQ].srt,generated_course_notes/lazyearn/school-of-hard-knocks/hard-knocks-interviews/chapters/lecture_01,lazyearn/school-of-hard-knocks/hard-knocks-interviews/001 - Asking Billionaires If They Pay Taxes! [4uFVDpGTHPQ].webm,yes,4884,a0f53b5d36c804cfeb678a5c7255d60c5f965ca6ebb4208da3b53292846bd221,"00:20:28,538",yes,yes,yes,yes,no,0
2,Asking London Billionaires How They Got Rich!,mRJN1l_w-Co,markdown/lazyearn/school-of-hard-knocks/hard-knocks-interviews/002 - Asking London Billionaires How They Got Rich! [mRJN1l_w-Co].md,subtitles/lazyearn/school-of-hard-knocks/hard-knocks-interviews/002 - Asking London Billionaires How They Got Rich! [mRJN1l_w-Co].srt,generated_course_notes/lazyearn/school-of-hard-knocks/hard-knocks-interviews/chapters/lecture_02,lazyearn/school-of-hard-knocks/hard-knocks-interviews/002 - Asking London Billionaires How They Got Rich! [mRJN1l_w-Co].webm,yes,5114,87a2fbc185e947033a4c13f1751e7b999736666b56b72907a2c4b9d1a9e5298c,"00:19:04,512",yes,yes,yes,yes,no,0
3,Asking Billionaires If They Believe In God!,npnyOvchXZs,markdown/lazyearn/school-of-hard-knocks/hard-knocks-interviews/003 - Asking Billionaires If They Believe In God! [npnyOvchXZs].md,subtitles/lazyearn/school-of-hard-knocks/hard-knocks-interviews/003 - Asking Billionaires If They Believe In God! [npnyOvchXZs].srt,generated_course_notes/lazyearn/school-of-hard-knocks/hard-knocks-interviews/chapters/lecture_03,lazyearn/school-of-hard-knocks/hard-knocks-interviews/003 - Asking Billionaires If They Believe In God! [npnyOvchXZs].webm,yes,5529,c84826091d7d3b390bdd31701657969096ba4db489b74c613b6b138ee3a0d913,"00:21:36,420",yes,yes,yes,yes,no,0
4,Asking Billionaires If Getting Rich Was Worth It,dK5bG5ZE3yI,markdown/lazyearn/school-of-hard-knocks/hard-knocks-interviews/004 - Asking Billionaires If Getting Rich Was Worth It [dK5bG5ZE3yI].md,subtitles/lazyearn/school-of-hard-knocks/hard-knocks-interviews/004 - Asking Billionaires If Getting Rich Was Worth It [dK5bG5ZE3yI].srt,generated_course_notes/lazyearn/school-of-hard-knocks/hard-knocks-interviews/chapters/lecture_04,lazyearn/school-of-hard-knocks/hard-knocks-interviews/004 - Asking Billionaires If Getting Rich Was Worth It [dK5bG5ZE3yI].webm,yes,6549,94e5e4eac3b41aa28ce5cbc4502b35c4edbe57e834dea2013336b2b3d65a14a3,"00:24:51,000",yes,yes,yes,yes,no,1
5,Asking Dallas Billionaires How They Got Rich!,rrDdi0vZn00,markdown/lazyearn/school-of-hard-knocks/hard-knocks-interviews/005 - Asking Dallas Billionaires How They Got Rich! [rrDdi0vZn00].md,subtitles/lazyearn/school-of-hard-knocks/hard-knocks-interviews/005 - Asking Dallas Billionaires How They Got Rich! [rrDdi0vZn00].srt,generated_course_notes/lazyearn/school-of-hard-knocks/hard-knocks-interviews/chapters/lecture_05,lazyearn/school-of-hard-knocks/hard-knocks-interviews/005 - Asking Dallas Billionaires How They Got Rich! [rrDdi0vZn00].webm,yes,6703,8322e1f6dfa824e4282a46ac8bd39940afcbcd972fd45a77abc659023e1d00f4,"00:25:54,300",yes,yes,yes,yes,no,0
6,Asking Miami Billionaires How They Got Rich!,lU-bh2xPl4Y,markdown/lazyearn/school-of-hard-knocks/hard-knocks-interviews/006 - Asking Miami Billionaires How They Got Rich! [lU-bh2xPl4Y].md,subtitles/lazyearn/school-of-hard-knocks/hard-knocks-interviews/006 - Asking Miami Billionaires How They Got Rich! [lU-bh2xPl4Y].srt,generated_course_notes/lazyearn/school-of-hard-knocks/hard-knocks-interviews/chapters/lecture_06,lazyearn/school-of-hard-knocks/hard-knocks-interviews/006 - Asking Miami Billionaires How They Got Rich! [lU-bh2xPl4Y].webm,yes,5443,038f109ba3ed72645ae4b9d517a62e73f10cc94d52843fbb7235279dd897dd20,"00:21:20,280",yes,yes,yes,yes,no,0
7,Asking Beverly Hill Billionaires How They Got Rich!,uwh4gWNgb1w,markdown/lazyearn/school-of-hard-knocks/hard-knocks-interviews/007 - Asking Beverly Hill Billionaires How They Got Rich! [uwh4gWNgb1w].md,subtitles/lazyearn/school-of-hard-knocks/hard-knocks-interviews/007 - Asking Beverly Hill Billionaires How They Got Rich! [uwh4gWNgb1w].srt,generated_course_notes/lazyearn/school-of-hard-knocks/hard-knocks-interviews/chapters/lecture_07,lazyearn/school-of-hard-knocks/hard-knocks-interviews/007 - Asking Beverly Hill Billionaires How They Got Rich! [uwh4gWNgb1w].webm,yes,4508,39c38658ce2f53e6a04bda4cf42f66b6eeee39b34f007416fb2fde5525427f8a,"00:17:39,159",yes,yes,yes,yes,no,0
8,Asking Wealthy Americans How They Got Rich! (Palm Beach),AUaEd3_JbP8,markdown/lazyearn/school-of-hard-knocks/hard-knocks-interviews/008 - Asking Wealthy Americans How They Got Rich! (Palm Beach) [AUaEd3_JbP8].md,subtitles/lazyearn/school-of-hard-knocks/hard-knocks-interviews/008 - Asking Wealthy Americans How They Got Rich! (Palm Beach) [AUaEd3_JbP8].srt,generated_course_notes/lazyearn/school-of-hard-knocks/hard-knocks-interviews/chapters/lecture_08,lazyearn/school-of-hard-knocks/hard-knocks-interviews/008 - Asking Wealthy Americans How They Got Rich! (Palm Beach) [AUaEd3_JbP8].webm,yes,6979,fbc53d719cae5077c260f6e64188a7b1e7f5a8ea89747cfac0a76e83e2d126b8,"00:26:46,250",yes,yes,yes,yes,no,0
9,Asking NY Billionaires How They Got Rich!,DmDeNuTUetE,markdown/lazyearn/school-of-hard-knocks/hard-knocks-interviews/009 - Asking NY Billionaires How They Got Rich! [DmDeNuTUetE].md,subtitles/lazyearn/school-of-hard-knocks/hard-knocks-interviews/009 - Asking NY Billionaires How They Got Rich! [DmDeNuTUetE].srt,generated_course_notes/lazyearn/school-of-hard-knocks/hard-knocks-interviews/chapters/lecture_09,lazyearn/school-of-hard-knocks/hard-knocks-interviews/009 - Asking NY Billionaires How They Got Rich! [DmDeNuTUetE].webm,yes,5890,9cafb2a7bcc439e81908fb7b05ca8417363bac059770288fe9ba325d597da859,"00:22:04,738",yes,yes,yes,yes,no,0
10,Asking Mega Mansion Owners How They Got Rich!,E_9nX5ReMcY,markdown/lazyearn/school-of-hard-knocks/hard-knocks-interviews/010 - Asking Mega Mansion Owners How They Got Rich! [E_9nX5ReMcY].md,subtitles/lazyearn/school-of-hard-knocks/hard-knocks-interviews/010 - Asking Mega Mansion Owners How They Got Rich! [E_9nX5ReMcY].srt,generated_course_notes/lazyearn/school-of-hard-knocks/hard-knocks-interviews/chapters/lecture_10,lazyearn/school-of-hard-knocks/hard-knocks-interviews/010 - Asking Mega Mansion Owners How They Got Rich! [E_9nX5ReMcY].webm,yes,6869,f086f17532ee1d7b3c0d320095d02ebf89d290e015ed59f6142dd2104bc65501,"00:26:56,469",yes,yes,yes,yes,no,3
11,Asking One of the Richest Men in Dubai How He Got Rich!,yUCRSAWh_ls,markdown/lazyearn/school-of-hard-knocks/hard-knocks-interviews/011 - Asking One of the Richest Men in Dubai How He Got Rich! [yUCRSAWh_ls].md,subtitles/lazyearn/school-of-hard-knocks/hard-knocks-interviews/011 - Asking One of the Richest Men in Dubai How He Got Rich! [yUCRSAWh_ls].srt,generated_course_notes/lazyearn/school-of-hard-knocks/hard-knocks-interviews/chapters/lecture_11,lazyearn/school-of-hard-knocks/hard-knocks-interviews/011 - Asking One of the Richest Men in Dubai How He Got Rich! [yUCRSAWh_ls].webm,yes,4042,b0758fcb64af5073331286ba827645a096c4b11cba27937f0fd1ff0a131d60e6,"00:16:54,560",yes,yes,yes,yes,no,4
12,Asking Wealthy Americans How They Got So Rich! (Scottsdale),z810EM7Q5Mg,markdown/lazyearn/school-of-hard-knocks/hard-knocks-interviews/012 - Asking Wealthy Americans How They Got So Rich! (Scottsdale) [z810EM7Q5Mg].md,subtitles/lazyearn/school-of-hard-knocks/hard-knocks-interviews/012 - Asking Wealthy Americans How They Got So Rich! (Scottsdale) [z810EM7Q5Mg].srt,generated_course_notes/lazyearn/school-of-hard-knocks/hard-knocks-interviews/chapters/lecture_12,lazyearn/school-of-hard-knocks/hard-knocks-interviews/012 - Asking Wealthy Americans How They Got So Rich! (Scottsdale) [z810EM7Q5Mg].webm,yes,5920,ef99c79ffed09fc6e547efa3e91af628389a7ab4df78ccd95ee671a41af28799,"00:22:26,860",yes,yes,yes,yes,no,17
13,Asking Millionaires How They Got Rich! (Silicon Valley),wOsnxJCy2p8,markdown/lazyearn/school-of-hard-knocks/hard-knocks-interviews/013 - Asking Millionaires How They Got Rich! (Silicon Valley) [wOsnxJCy2p8].md,subtitles/lazyearn/school-of-hard-knocks/hard-knocks-interviews/013 - Asking Millionaires How They Got Rich! (Silicon Valley) [wOsnxJCy2p8].srt,generated_course_notes/lazyearn/school-of-hard-knocks/hard-knocks-interviews/chapters/lecture_13,lazyearn/school-of-hard-knocks/hard-knocks-interviews/013 - Asking Millionaires How They Got Rich! (Silicon Valley) [wOsnxJCy2p8].webm,yes,5139,11d4ab9028cd0143d49a00619c82934fcbd4f4018a6a511a57427b17dce3a0c7,"00:19:32,420",yes,yes,yes,yes,no,9
14,Asking Millionaires How They Got RICH! (Philadelphia),hJYkUMV8I_s,markdown/lazyearn/school-of-hard-knocks/hard-knocks-interviews/014 - Asking Millionaires How They Got RICH! (Philadelphia) [hJYkUMV8I_s].md,subtitles/lazyearn/school-of-hard-knocks/hard-knocks-interviews/014 - Asking Millionaires How They Got RICH! (Philadelphia) [hJYkUMV8I_s].srt,generated_course_notes/lazyearn/school-of-hard-knocks/hard-knocks-interviews/chapters/lecture_14,lazyearn/school-of-hard-knocks/hard-knocks-interviews/014 - Asking Millionaires How They Got RICH! (Philadelphia) [hJYkUMV8I_s].webm,yes,5309,563766f27bd70a517e634c10e7e58d664f55b07823615b21bdbcbac821fabb92,"00:20:56,639",yes,yes,yes,yes,no,22
15,I Asked Dana White How He Made $500 Million!,ZdUmqGB-XpA,markdown/lazyearn/school-of-hard-knocks/hard-knocks-interviews/015 - I Asked Dana White How He Made $500 Million! [ZdUmqGB-XpA].md,subtitles/lazyearn/school-of-hard-knocks/hard-knocks-interviews/015 - I Asked Dana White How He Made $500 Million! [ZdUmqGB-XpA].srt,generated_course_notes/lazyearn/school-of-hard-knocks/hard-knocks-interviews/chapters/lecture_15,lazyearn/school-of-hard-knocks/hard-knocks-interviews/015 - I Asked Dana White How He Made $500 Million! [ZdUmqGB-XpA].webm,yes,5935,9f0072eb214be9e9d7e74941497cd1b21817d111e881b4f06a6a9783562d6615,"00:23:35,179",yes,yes,yes,yes,no,45
17,Asking Wall Street Moguls How They Got Rich!,AATw4YRFSw8,markdown/lazyearn/school-of-hard-knocks/hard-knocks-interviews/017 - Asking Wall Street Moguls How They Got Rich! [AATw4YRFSw8].md,subtitles/lazyearn/school-of-hard-knocks/hard-knocks-interviews/017 - Asking Wall Street Moguls How They Got Rich! [AATw4YRFSw8].srt,generated_course_notes/lazyearn/school-of-hard-knocks/hard-knocks-interviews/chapters/lecture_17,lazyearn/school-of-hard-knocks/hard-knocks-interviews/017 - Asking Wall Street Moguls How They Got Rich! [AATw4YRFSw8].webm,yes,5269,c51ab599ceb193b8d87587760a7645591c7fe347a53576a778ed3d0ee748a4f9,"00:20:42,620",yes,yes,yes,yes,no,41
20,I Interviewed 30 Billionaires... Here’s What I Learned,aGrMOowjMag,markdown/lazyearn/school-of-hard-knocks/hard-knocks-interviews/020 - I Interviewed 30 Billionaires... Here’s What I Learned [aGrMOowjMag].md,subtitles/lazyearn/school-of-hard-knocks/hard-knocks-interviews/020 - I Interviewed 30 Billionaires... Here’s What I Learned [aGrMOowjMag].srt,generated_course_notes/lazyearn/school-of-hard-knocks/hard-knocks-interviews/chapters/lecture_20,lazyearn/school-of-hard-knocks/hard-knocks-interviews/020 - I Interviewed 30 Billionaires... Here’s What I Learned [aGrMOowjMag].webm,yes,6109,7dcc1c035ef0889d731c019de546d8ad1b8a858ab369eec491119482ef31a608,"00:24:41,400",yes,yes,yes,yes,no,72
21,A 60 Year Old Millionaire Shares What Actually Made Him RICH!,t8FXPpfkxQY,markdown/lazyearn/school-of-hard-knocks/hard-knocks-interviews/021 - A 60 Year Old Millionaire Shares What Actually Made Him RICH! [t8FXPpfkxQY].md,subtitles/lazyearn/school-of-hard-knocks/hard-knocks-interviews/021 - A 60 Year Old Millionaire Shares What Actually Made Him RICH! [t8FXPpfkxQY].srt,generated_course_notes/lazyearn/school-of-hard-knocks/hard-knocks-interviews/chapters/lecture_21,lazyearn/school-of-hard-knocks/hard-knocks-interviews/021 - A 60 Year Old Millionaire Shares What Actually Made Him RICH! [t8FXPpfkxQY].webm,yes,4889,d6d9488e1c05654ea24f10cb1fbf1d685ed7d46987590ffbdad4f3ffb9af80f1,"00:18:58,760",yes,yes,yes,yes,no,10
22,Asking Billionaire Women How They Got RICH!,2Q2JgVDvHV0,markdown/lazyearn/school-of-hard-knocks/hard-knocks-interviews/022 - Asking Billionaire Women How They Got RICH! [2Q2JgVDvHV0].md,subtitles/lazyearn/school-of-hard-knocks/hard-knocks-interviews/022 - Asking Billionaire Women How They Got RICH! [2Q2JgVDvHV0].srt,generated_course_notes/lazyearn/school-of-hard-knocks/hard-knocks-interviews/chapters/lecture_22,lazyearn/school-of-hard-knocks/hard-knocks-interviews/022 - Asking Billionaire Women How They Got RICH! [2Q2JgVDvHV0].webm,yes,5655,ca0fa2a250e1a266b6b8d57779dd4d63c17442f5e3d39ecbb8d5dedfd6798d78,"00:23:03,040",yes,yes,yes,yes,no,15
23,Asking Millionaires How They Got RICH! (Chicago),nOL-StM6QnU,markdown/lazyearn/school-of-hard-knocks/hard-knocks-interviews/023 - Asking Millionaires How They Got RICH! (Chicago) [nOL-StM6QnU].md,subtitles/lazyearn/school-of-hard-knocks/hard-knocks-interviews/023 - Asking Millionaires How They Got RICH! (Chicago) [nOL-StM6QnU].srt,generated_course_notes/lazyearn/school-of-hard-knocks/hard-knocks-interviews/chapters/lecture_23,lazyearn/school-of-hard-knocks/hard-knocks-interviews/023 - Asking Millionaires How They Got RICH! (Chicago) [nOL-StM6QnU].webm,yes,4690,e689ed1986548008bb21d4b36f7d6194e3c9fcfaa6349f8544eac5802eeb4a9b,"00:17:40,260",yes,yes,yes,yes,yes,11
24,Asking Billionaires How They Got RICH! (Florida),zN087p7dHN0,markdown/lazyearn/school-of-hard-knocks/hard-knocks-interviews/024 - Asking Billionaires How They Got RICH! (Florida) [zN087p7dHN0].md,subtitles/lazyearn/school-of-hard-knocks/hard-knocks-interviews/024 - Asking Billionaires How They Got RICH! (Florida) [zN087p7dHN0].srt,generated_course_notes/lazyearn/school-of-hard-knocks/hard-knocks-interviews/chapters/lecture_24,lazyearn/school-of-hard-knocks/hard-knocks-interviews/024 - Asking Billionaires How They Got RICH! (Florida) [zN087p7dHN0].webm,yes,5342,5597a0635b7732ce4fc5aefc7464c2fc9015285ab9d02933e3e0bba7325797ac,"00:20:00,480",yes,yes,yes,yes,yes,9
25,I Investigated the $1 Trillion Industry Nobody Talks About,7i0D5OMZzw0,markdown/lazyearn/school-of-hard-knocks/hard-knocks-interviews/025 - I Investigated the $1 Trillion Industry Nobody Talks About [7i0D5OMZzw0].md,subtitles/lazyearn/school-of-hard-knocks/hard-knocks-interviews/025 - I Investigated the $1 Trillion Industry Nobody Talks About [7i0D5OMZzw0].srt,generated_course_notes/lazyearn/school-of-hard-knocks/hard-knocks-interviews/chapters/lecture_25,lazyearn/school-of-hard-knocks/hard-knocks-interviews/025 - I Investigated the $1 Trillion Industry Nobody Talks About [7i0D5OMZzw0].webm,yes,4718,f09bc5817312642f6496f39cdacf4dc5167535152f848b58d13554c40158708a,"00:19:17,460",yes,yes,yes,yes,yes,13
26,I Asked Tom Cruise How He Made $600 Million,vMcZyzTNoIc,markdown/lazyearn/school-of-hard-knocks/hard-knocks-interviews/026 - I Asked Tom Cruise How He Made $600 Million [vMcZyzTNoIc].md,subtitles/lazyearn/school-of-hard-knocks/hard-knocks-interviews/026 - I Asked Tom Cruise How He Made $600 Million [vMcZyzTNoIc].srt,generated_course_notes/lazyearn/school-of-hard-knocks/hard-knocks-interviews/chapters/lecture_26,lazyearn/school-of-hard-knocks/hard-knocks-interviews/026 - I Asked Tom Cruise How He Made $600 Million [vMcZyzTNoIc].webm,yes,4960,00d8bb89356ef34b961ff5cbab810e1dc4db833d7d5ee65e8d2d39b4cf5e295e,"00:19:59,480",yes,yes,yes,yes,yes,12
27,Asking Billionaires How They Got RICH! (Boston),lXitjVjEhEs,markdown/lazyearn/school-of-hard-knocks/hard-knocks-interviews/027 - Asking Billionaires How They Got RICH! (Boston) [lXitjVjEhEs].md,subtitles/lazyearn/school-of-hard-knocks/hard-knocks-interviews/027 - Asking Billionaires How They Got RICH! (Boston) [lXitjVjEhEs].srt,generated_course_notes/lazyearn/school-of-hard-knocks/hard-knocks-interviews/chapters/lecture_27,lazyearn/school-of-hard-knocks/hard-knocks-interviews/027 - Asking Billionaires How They Got RICH! (Boston) [lXitjVjEhEs].webm,yes,5123,e6a7317db643d5cb7700501f9f50dd7fdf7b04f0ed2f8fa1b6c7749bc155ba39,"00:21:18,060",yes,yes,yes,yes,yes,11
28,I Was the 199th Pick... Now I'm Worth $300M (Tom Brady),cTs9SgRk4SI,markdown/lazyearn/school-of-hard-knocks/hard-knocks-interviews/028 - I Was the 199th Pick... Now I'm Worth $300M (Tom Brady) [cTs9SgRk4SI].md,subtitles/lazyearn/school-of-hard-knocks/hard-knocks-interviews/028 - I Was the 199th Pick... Now I'm Worth $300M (Tom Brady) [cTs9SgRk4SI].srt,generated_course_notes/lazyearn/school-of-hard-knocks/hard-knocks-interviews/chapters/lecture_28,lazyearn/school-of-hard-knocks/hard-knocks-interviews/028 - I Was the 199th Pick... Now I'm Worth $300M (Tom Brady) [cTs9SgRk4SI].webm,yes,2750,b6a319945f47c19ad309e1632aad30d69f1c2af7991f1401d4063f15c004e980,"00:10:48,459",yes,yes,yes,yes,yes,12
29,"How I Turned $50,000 Into $20 Billion",n5EmUiLNVjg,"markdown/lazyearn/school-of-hard-knocks/hard-knocks-interviews/029 - How I Turned $50,000 Into $20 Billion [n5EmUiLNVjg].md","subtitles/lazyearn/school-of-hard-knocks/hard-knocks-interviews/029 - How I Turned $50,000 Into $20 Billion [n5EmUiLNVjg].srt",generated_course_notes/lazyearn/school-of-hard-knocks/hard-knocks-interviews/chapters/lecture_29,"lazyearn/school-of-hard-knocks/hard-knocks-interviews/029 - How I Turned $50,000 Into $20 Billion [n5EmUiLNVjg].webm",yes,4268,eca56b0f66435a3120fdcf1dd36b4bb75cc9f34932dcb98c3b328c02bd96725e,"00:16:30,336",yes,yes,yes,yes,yes,10
30,I Asked Adin Ross How He Made $100 Million,iRgdOE8Fags,markdown/lazyearn/school-of-hard-knocks/hard-knocks-interviews/030 - I Asked Adin Ross How He Made $100 Million [iRgdOE8Fags].md,subtitles/lazyearn/school-of-hard-knocks/hard-knocks-interviews/030 - I Asked Adin Ross How He Made $100 Million [iRgdOE8Fags].srt,generated_course_notes/lazyearn/school-of-hard-knocks/hard-knocks-interviews/chapters/lecture_30,lazyearn/school-of-hard-knocks/hard-knocks-interviews/030 - I Asked Adin Ross How He Made $100 Million [iRgdOE8Fags].webm,yes,5667,3ae94b024335f1d9b78fda122a0963ba506a8b15809ec266e916f2c4f67ffb77,"00:20:16,160",yes,yes,yes,yes,yes,16
31,Asking the RICHEST People in the World How They Got RICH!,gBBlX7v0910,markdown/lazyearn/school-of-hard-knocks/hard-knocks-interviews/031 - Asking the RICHEST People in the World How They Got RICH! [gBBlX7v0910].md,subtitles/lazyearn/school-of-hard-knocks/hard-knocks-interviews/031 - Asking the RICHEST People in the World How They Got RICH! [gBBlX7v0910].srt,generated_course_notes/lazyearn/school-of-hard-knocks/hard-knocks-interviews/chapters/lecture_31,lazyearn/school-of-hard-knocks/hard-knocks-interviews/031 - Asking the RICHEST People in the World How They Got RICH! [gBBlX7v0910].webm,yes,8266,50b9e7ceeab56a4e3e23034cd06d49fe015b8e8d44927ab24c1f859d4f5c6e86,"00:31:01,560",yes,yes,yes,yes,yes,17
32,Asking Wealthy Americans How They Got Rich!,TllMBc9YvKk,markdown/lazyearn/school-of-hard-knocks/hard-knocks-interviews/032 - Asking Wealthy Americans How They Got Rich! [TllMBc9YvKk].md,subtitles/lazyearn/school-of-hard-knocks/hard-knocks-interviews/032 - Asking Wealthy Americans How They Got Rich! [TllMBc9YvKk].srt,generated_course_notes/lazyearn/school-of-hard-knocks/hard-knocks-interviews/chapters/lecture_32,lazyearn/school-of-hard-knocks/hard-knocks-interviews/032 - Asking Wealthy Americans How They Got Rich! [TllMBc9YvKk].webm,yes,6644,d6728905ab77aa5fb4062128bd0297b4ac5b9c247cd64d4b276dc8542d5b2a6e,"00:24:53,380",yes,yes,yes,yes,yes,11
33,I Asked Robert Herjavec How He Made $500 Million,9QTBl0R_cs8,markdown/lazyearn/school-of-hard-knocks/hard-knocks-interviews/033 - I Asked Robert Herjavec How He Made $500 Million [9QTBl0R_cs8].md,subtitles/lazyearn/school-of-hard-knocks/hard-knocks-interviews/033 - I Asked Robert Herjavec How He Made $500 Million [9QTBl0R_cs8].srt,generated_course_notes/lazyearn/school-of-hard-knocks/hard-knocks-interviews/chapters/lecture_33,lazyearn/school-of-hard-knocks/hard-knocks-interviews/033 - I Asked Robert Herjavec How He Made $500 Million [9QTBl0R_cs8].webm,yes,5531,e52c92074f22c1026fc8e05fccc8b15351316ef4330e9cac168dc879eeb75921,"00:21:13,340",yes,yes,yes,yes,yes,11
34,"Asking A Billionaire Lawyer How To Make $1,000,000!",EF6-Ed2H2cE,"markdown/lazyearn/school-of-hard-knocks/hard-knocks-interviews/034 - Asking A Billionaire Lawyer How To Make $1,000,000! [EF6-Ed2H2cE].md","subtitles/lazyearn/school-of-hard-knocks/hard-knocks-interviews/034 - Asking A Billionaire Lawyer How To Make $1,000,000! [EF6-Ed2H2cE].srt",generated_course_notes/lazyearn/school-of-hard-knocks/hard-knocks-interviews/chapters/lecture_34,"lazyearn/school-of-hard-knocks/hard-knocks-interviews/034 - Asking A Billionaire Lawyer How To Make $1,000,000! [EF6-Ed2H2cE].webm",yes,4645,40168cc168fb8f88585a7fdd71c70cc75d03cbfdb111cb813c1ca20250dc3cd1,"00:19:13,680",yes,yes,yes,yes,yes,13
35,Asking Millionaire Homeowners How They Got Rich,7Yx6-8nMbkc,markdown/lazyearn/school-of-hard-knocks/hard-knocks-interviews/035 - Asking Millionaire Homeowners How They Got Rich [7Yx6-8nMbkc].md,subtitles/lazyearn/school-of-hard-knocks/hard-knocks-interviews/035 - Asking Millionaire Homeowners How They Got Rich [7Yx6-8nMbkc].srt,generated_course_notes/lazyearn/school-of-hard-knocks/hard-knocks-interviews/chapters/lecture_35,lazyearn/school-of-hard-knocks/hard-knocks-interviews/035 - Asking Millionaire Homeowners How They Got Rich [7Yx6-8nMbkc].webm,yes,7627,b97d9d8241340ebb6bcf198e8a04df7d715b3e59509c8d91e1ebdfbc3e2c00c9,"00:29:36,540",yes,yes,yes,yes,yes,14
36,I Asked Will Smith How He Made $350 Million,9iWLPlPFdBY,markdown/lazyearn/school-of-hard-knocks/hard-knocks-interviews/036 - I Asked Will Smith How He Made $350 Million [9iWLPlPFdBY].md,subtitles/lazyearn/school-of-hard-knocks/hard-knocks-interviews/036 - I Asked Will Smith How He Made $350 Million [9iWLPlPFdBY].srt,generated_course_notes/lazyearn/school-of-hard-knocks/hard-knocks-interviews/chapters/lecture_36,lazyearn/school-of-hard-knocks/hard-knocks-interviews/036 - I Asked Will Smith How He Made $350 Million [9iWLPlPFdBY].webm,yes,3608,9ec435202ec645d7c2ef19859d4ef93a95b8cc2d5a8dd27bf828ea7e226d89e1,"00:17:02,020",yes,yes,yes,yes,yes,10
37,Asking Politicians How They Actually Got Rich!,eEg5ZjFxMmU,markdown/lazyearn/school-of-hard-knocks/hard-knocks-interviews/037 - Asking Politicians How They Actually Got Rich! [eEg5ZjFxMmU].md,subtitles/lazyearn/school-of-hard-knocks/hard-knocks-interviews/037 - Asking Politicians How They Actually Got Rich! [eEg5ZjFxMmU].srt,generated_course_notes/lazyearn/school-of-hard-knocks/hard-knocks-interviews/chapters/lecture_37,lazyearn/school-of-hard-knocks/hard-knocks-interviews/037 - Asking Politicians How They Actually Got Rich! [eEg5ZjFxMmU].webm,yes,6147,1faf19e1c59bca4b2bccd7cd4d2df6b71404a7b5152831aaed7ce36ba5351643,"00:23:16,796",yes,yes,yes,yes,yes,12
38,Asking Beverly Hills Billionaires How They Got So RICH!,uUwf3HM_bBg,markdown/lazyearn/school-of-hard-knocks/hard-knocks-interviews/038 - Asking Beverly Hills Billionaires How They Got So RICH! [uUwf3HM_bBg].md,subtitles/lazyearn/school-of-hard-knocks/hard-knocks-interviews/038 - Asking Beverly Hills Billionaires How They Got So RICH! [uUwf3HM_bBg].srt,generated_course_notes/lazyearn/school-of-hard-knocks/hard-knocks-interviews/chapters/lecture_38,lazyearn/school-of-hard-knocks/hard-knocks-interviews/038 - Asking Beverly Hills Billionaires How They Got So RICH! [uUwf3HM_bBg].webm,yes,6095,6f2df350b23bf05e742c6f5dada729b61c6a1754c3a1fc7cbf6e649cb9b4cb03,"00:22:50,140",yes,yes,yes,yes,yes,14
39,I Had $78... Now I’m Worth $100 Million,4fOaAGCuuJU,markdown/lazyearn/school-of-hard-knocks/hard-knocks-interviews/039 - I Had $78... Now I’m Worth $100 Million [4fOaAGCuuJU].md,subtitles/lazyearn/school-of-hard-knocks/hard-knocks-interviews/039 - I Had $78... Now I’m Worth $100 Million [4fOaAGCuuJU].srt,generated_course_notes/lazyearn/school-of-hard-knocks/hard-knocks-interviews/chapters/lecture_39,lazyearn/school-of-hard-knocks/hard-knocks-interviews/039 - I Had $78... Now I’m Worth $100 Million [4fOaAGCuuJU].webm,yes,6000,28cef0647e7c6f53d47e9844826a16e4b4eb6049ab1f48dea886dd33abcb14f2,"00:22:38,240",yes,yes,yes,yes,yes,14
40,Meet the Billionaire Who Created LinkedIn (Then Sold It for $26B),q8u9vs2xjg4,markdown/lazyearn/school-of-hard-knocks/hard-knocks-interviews/040 - Meet the Billionaire Who Created LinkedIn (Then Sold It for $26B) [q8u9vs2xjg4].md,subtitles/lazyearn/school-of-hard-knocks/hard-knocks-interviews/040 - Meet the Billionaire Who Created LinkedIn (Then Sold It for $26B) [q8u9vs2xjg4].srt,generated_course_notes/lazyearn/school-of-hard-knocks/hard-knocks-interviews/chapters/lecture_40,lazyearn/school-of-hard-knocks/hard-knocks-interviews/040 - Meet the Billionaire Who Created LinkedIn (Then Sold It for $26B) [q8u9vs2xjg4].webm,yes,4243,82c248aded55fbb23a740478c278de022c7e8cc48754c5a1e627f6eb489ffe60,"00:16:11,300",yes,yes,yes,yes,yes,15
41,Asking Palm Beach Billionaires How They Got So RICH!,gotxAQD0YkE,markdown/lazyearn/school-of-hard-knocks/hard-knocks-interviews/041 - Asking Palm Beach Billionaires How They Got So RICH! [gotxAQD0YkE].md,subtitles/lazyearn/school-of-hard-knocks/hard-knocks-interviews/041 - Asking Palm Beach Billionaires How They Got So RICH! [gotxAQD0YkE].srt,generated_course_notes/lazyearn/school-of-hard-knocks/hard-knocks-interviews/chapters/lecture_41,lazyearn/school-of-hard-knocks/hard-knocks-interviews/041 - Asking Palm Beach Billionaires How They Got So RICH! [gotxAQD0YkE].webm,yes,6304,05e438fd6f412a318398a2e3ed68da61f9934e25b104085868c0cc2a1808401f,"00:22:52,180",yes,yes,yes,yes,yes,15
42,How I Turned –$20 Million Into $3.3 Billion,9YldQVM4u-I,markdown/lazyearn/school-of-hard-knocks/hard-knocks-interviews/042 - How I Turned –$20 Million Into $3.3 Billion [9YldQVM4u-I].md,subtitles/lazyearn/school-of-hard-knocks/hard-knocks-interviews/042 - How I Turned –$20 Million Into $3.3 Billion [9YldQVM4u-I].srt,generated_course_notes/lazyearn/school-of-hard-knocks/hard-knocks-interviews/chapters/lecture_42,lazyearn/school-of-hard-knocks/hard-knocks-interviews/042 - How I Turned –$20 Million Into $3.3 Billion [9YldQVM4u-I].webm,yes,5085,ffe9aa5937d201488f4640fdc34bccc600b38c4194b7b61ba61e6a859ff875fa,"00:21:34,620",yes,yes,yes,yes,yes,13
43,Asking Texan Billionaires How They Got Rich!,uMXIsDecZ3s,markdown/lazyearn/school-of-hard-knocks/hard-knocks-interviews/043 - Asking Texan Billionaires How They Got Rich! [uMXIsDecZ3s].md,subtitles/lazyearn/school-of-hard-knocks/hard-knocks-interviews/043 - Asking Texan Billionaires How They Got Rich! [uMXIsDecZ3s].srt,generated_course_notes/lazyearn/school-of-hard-knocks/hard-knocks-interviews/chapters/lecture_43,lazyearn/school-of-hard-knocks/hard-knocks-interviews/043 - Asking Texan Billionaires How They Got Rich! [uMXIsDecZ3s].webm,yes,5497,ff446ae243a7a04babd0c1fb4ca02be71bc15656e1f2cd0e69a378aaf03a3a8c,"00:20:36,940",yes,yes,yes,yes,no,0
44,He Made $500 Million Playing Real Life Monopoly,DwrRvp_qsRk,markdown/lazyearn/school-of-hard-knocks/hard-knocks-interviews/044 - He Made $500 Million Playing Real Life Monopoly [DwrRvp_qsRk].md,subtitles/lazyearn/school-of-hard-knocks/hard-knocks-interviews/044 - He Made $500 Million Playing Real Life Monopoly [DwrRvp_qsRk].srt,generated_course_notes/lazyearn/school-of-hard-knocks/hard-knocks-interviews/chapters/lecture_44,lazyearn/school-of-hard-knocks/hard-knocks-interviews/044 - He Made $500 Million Playing Real Life Monopoly [DwrRvp_qsRk].webm,yes,3382,37998725378894e0def01c09224a2530d9eb7ad1ffa72fac85192a4c2da95ade,"00:13:12,940",yes,yes,yes,yes,yes,16
45,I Asked Miami’s Millionaire Elite How They Got Rich,8wU_31Wamcw,markdown/lazyearn/school-of-hard-knocks/hard-knocks-interviews/045 - I Asked Miami’s Millionaire Elite How They Got Rich [8wU_31Wamcw].md,subtitles/lazyearn/school-of-hard-knocks/hard-knocks-interviews/045 - I Asked Miami’s Millionaire Elite How They Got Rich [8wU_31Wamcw].srt,generated_course_notes/lazyearn/school-of-hard-knocks/hard-knocks-interviews/chapters/lecture_45,lazyearn/school-of-hard-knocks/hard-knocks-interviews/045 - I Asked Miami’s Millionaire Elite How They Got Rich [8wU_31Wamcw].webm,yes,4006,c93755b6020a1ed3b272b400eba797bdacc837d569d04f48bf1cdc9789365b54,"00:15:23,180",yes,yes,yes,yes,yes,0
46,I Was Broke.. Found God.. Now I Make $15M⧸Year,GCXhTFKVHkg,markdown/lazyearn/school-of-hard-knocks/hard-knocks-interviews/046 - I Was Broke.. Found God.. Now I Make $15M⧸Year [GCXhTFKVHkg].md,subtitles/lazyearn/school-of-hard-knocks/hard-knocks-interviews/046 - I Was Broke.. Found God.. Now I Make $15M⧸Year [GCXhTFKVHkg].srt,generated_course_notes/lazyearn/school-of-hard-knocks/hard-knocks-interviews/chapters/lecture_46,lazyearn/school-of-hard-knocks/hard-knocks-interviews/046 - I Was Broke.. Found God.. Now I Make $15M⧸Year [GCXhTFKVHkg].webm,yes,4983,d6db265b2229fe1dcfe2a71ccef3ceaa0b571e912c37aa9e38a073c3eca2d1ac,"00:18:39,220",yes,yes,yes,yes,no,0
47,Asking Wall Street Millionaires How To Make $1 Million,bfIJxp9ckKU,markdown/lazyearn/school-of-hard-knocks/hard-knocks-interviews/047 - Asking Wall Street Millionaires How To Make $1 Million [bfIJxp9ckKU].md,subtitles/lazyearn/school-of-hard-knocks/hard-knocks-interviews/047 - Asking Wall Street Millionaires How To Make $1 Million [bfIJxp9ckKU].srt,generated_course_notes/lazyearn/school-of-hard-knocks/hard-knocks-interviews/chapters/lecture_47,lazyearn/school-of-hard-knocks/hard-knocks-interviews/047 - Asking Wall Street Millionaires How To Make $1 Million [bfIJxp9ckKU].webm,yes,4347,70d04d5c686bcd18eabd57c517e62edd3f199d1b1289f502ad8ba9c154c0c5da,"00:17:03,980",yes,yes,yes,yes,yes,10
48,"She Turned $1,000 Into a $66M Empire at 76 Years Old!",nswPe9PAgjo,"markdown/lazyearn/school-of-hard-knocks/hard-knocks-interviews/048 - She Turned $1,000 Into a $66M Empire at 76 Years Old! [nswPe9PAgjo].md","subtitles/lazyearn/school-of-hard-knocks/hard-knocks-interviews/048 - She Turned $1,000 Into a $66M Empire at 76 Years Old! [nswPe9PAgjo].srt",generated_course_notes/lazyearn/school-of-hard-knocks/hard-knocks-interviews/chapters/lecture_48,"lazyearn/school-of-hard-knocks/hard-knocks-interviews/048 - She Turned $1,000 Into a $66M Empire at 76 Years Old! [nswPe9PAgjo].webm",yes,4710,4bfa66029cd0b185ec92fe445c350bd53cf535727f4782f9a1c1a295d1924152,"00:17:33,292",yes,yes,yes,yes,yes,4
49,Asking Bugatti Owners How They Got RICH!,_sAyC_CLqzg,markdown/lazyearn/school-of-hard-knocks/hard-knocks-interviews/049 - Asking Bugatti Owners How They Got RICH! [_sAyC_CLqzg].md,subtitles/lazyearn/school-of-hard-knocks/hard-knocks-interviews/049 - Asking Bugatti Owners How They Got RICH! [_sAyC_CLqzg].srt,generated_course_notes/lazyearn/school-of-hard-knocks/hard-knocks-interviews/chapters/lecture_49,lazyearn/school-of-hard-knocks/hard-knocks-interviews/049 - Asking Bugatti Owners How They Got RICH! [_sAyC_CLqzg].webm,yes,4980,1fa18da130de43a3502828a14d2209fadd3f11395e161d9a911f6a7177929c72,"00:20:15,379",yes,yes,yes,yes,yes,10
50,Asking Dubai Supercar Owners How They Got RICH!,gZ0RTpQZf8A,markdown/lazyearn/school-of-hard-knocks/hard-knocks-interviews/050 - Asking Dubai Supercar Owners How They Got RICH! [gZ0RTpQZf8A].md,subtitles/lazyearn/school-of-hard-knocks/hard-knocks-interviews/050 - Asking Dubai Supercar Owners How They Got RICH! [gZ0RTpQZf8A].srt,generated_course_notes/lazyearn/school-of-hard-knocks/hard-knocks-interviews/chapters/lecture_50,lazyearn/school-of-hard-knocks/hard-knocks-interviews/050 - Asking Dubai Supercar Owners How They Got RICH! [gZ0RTpQZf8A].webm,yes,3758,d3a300519e7bd9c7175a386b9a714e3268b91276e8ddb6cd7bcb0a94dabbdf9e,"00:16:06,620",yes,yes,yes,yes,yes,2
51,Asking Women Billionaires How They Got Rich!,5E-lydM23gU,markdown/lazyearn/school-of-hard-knocks/hard-knocks-interviews/051 - Asking Women Billionaires How They Got Rich! [5E-lydM23gU].md,subtitles/lazyearn/school-of-hard-knocks/hard-knocks-interviews/051 - Asking Women Billionaires How They Got Rich! [5E-lydM23gU].srt,generated_course_notes/lazyearn/school-of-hard-knocks/hard-knocks-interviews/chapters/lecture_51,lazyearn/school-of-hard-knocks/hard-knocks-interviews/051 - Asking Women Billionaires How They Got Rich! [5E-lydM23gU].webm,yes,3828,00eacb1c0c366b6d343ce23edc1bbf8c4870d1d1c8c31ced6dfa9aff086c1cc8,"00:14:55,780",yes,yes,yes,yes,yes,10
52,Asking Dubai Moguls How They Got Rich!,vUumRjZX0n8,markdown/lazyearn/school-of-hard-knocks/hard-knocks-interviews/052 - Asking Dubai Moguls How They Got Rich! [vUumRjZX0n8].md,subtitles/lazyearn/school-of-hard-knocks/hard-knocks-interviews/052 - Asking Dubai Moguls How They Got Rich! [vUumRjZX0n8].srt,generated_course_notes/lazyearn/school-of-hard-knocks/hard-knocks-interviews/chapters/lecture_52,lazyearn/school-of-hard-knocks/hard-knocks-interviews/052 - Asking Dubai Moguls How They Got Rich! [vUumRjZX0n8].webm,yes,5000,32d1af5161028ddfe0bc8d0cab52a29fa4edd1ab495a241137a29785eeb2ab51,"00:19:34,840",yes,yes,yes,yes,yes,10
53,I Was on Food Stamps... Now I Make $100M⧸Year,QJP9OXmI5_4,markdown/lazyearn/school-of-hard-knocks/hard-knocks-interviews/053 - I Was on Food Stamps... Now I Make $100M⧸Year [QJP9OXmI5_4].md,subtitles/lazyearn/school-of-hard-knocks/hard-knocks-interviews/053 - I Was on Food Stamps... Now I Make $100M⧸Year [QJP9OXmI5_4].srt,generated_course_notes/lazyearn/school-of-hard-knocks/hard-knocks-interviews/chapters/lecture_53,lazyearn/school-of-hard-knocks/hard-knocks-interviews/053 - I Was on Food Stamps... Now I Make $100M⧸Year [QJP9OXmI5_4].webm,yes,3516,fc96233873104513b7abac3e3fa526d1d191cc18bb5062d9c65a00e6f99b695b,"00:14:09,500",yes,yes,yes,yes,yes,8
54,Asking Dubai Billionaires How They Got RICH!,Latp0XujNXk,markdown/lazyearn/school-of-hard-knocks/hard-knocks-interviews/054 - Asking Dubai Billionaires How They Got RICH! [Latp0XujNXk].md,subtitles/lazyearn/school-of-hard-knocks/hard-knocks-interviews/054 - Asking Dubai Billionaires How They Got RICH! [Latp0XujNXk].srt,generated_course_notes/lazyearn/school-of-hard-knocks/hard-knocks-interviews/chapters/lecture_54,lazyearn/school-of-hard-knocks/hard-knocks-interviews/054 - Asking Dubai Billionaires How They Got RICH! [Latp0XujNXk].webm,yes,4102,e5d796ece12bf05bc06e106f97f2eaf322811ee3dd20b3f5a06ac9f34df27f92,"00:16:25,380",yes,yes,yes,yes,yes,9
55,Meet The Kid Who Interviews Billionaires For a Living,bPPc2coTClU,markdown/lazyearn/school-of-hard-knocks/hard-knocks-interviews/055 - Meet The Kid Who Interviews Billionaires For a Living [bPPc2coTClU].md,subtitles/lazyearn/school-of-hard-knocks/hard-knocks-interviews/055 - Meet The Kid Who Interviews Billionaires For a Living [bPPc2coTClU].srt,generated_course_notes/lazyearn/school-of-hard-knocks/hard-knocks-interviews/chapters/lecture_55,lazyearn/school-of-hard-knocks/hard-knocks-interviews/055 - Meet The Kid Who Interviews Billionaires For a Living [bPPc2coTClU].webm,yes,5632,d1d3fb37a3498677a274cbcc6457cf809a05852ffb29a30db406769612c93406,"00:23:46,920",yes,yes,yes,yes,yes,10
56,He Made $7M⧸Year And Paid Zero Taxes!,22CjsRG0sTc,markdown/lazyearn/school-of-hard-knocks/hard-knocks-interviews/056 - He Made $7M⧸Year And Paid Zero Taxes! [22CjsRG0sTc].md,subtitles/lazyearn/school-of-hard-knocks/hard-knocks-interviews/056 - He Made $7M⧸Year And Paid Zero Taxes! [22CjsRG0sTc].srt,generated_course_notes/lazyearn/school-of-hard-knocks/hard-knocks-interviews/chapters/lecture_56,lazyearn/school-of-hard-knocks/hard-knocks-interviews/056 - He Made $7M⧸Year And Paid Zero Taxes! [22CjsRG0sTc].webm,yes,4609,aaffef3839d32c0b58072bb3f8e44e2c88fd350120fe57aef593237d705230f6,"00:18:10,080",yes,yes,yes,yes,yes,8
57,Young Entrepreneur Interviews SHAQ,0I0EPRu3DJ0,markdown/lazyearn/school-of-hard-knocks/hard-knocks-interviews/057 - Young Entrepreneur Interviews SHAQ [0I0EPRu3DJ0].md,subtitles/lazyearn/school-of-hard-knocks/hard-knocks-interviews/057 - Young Entrepreneur Interviews SHAQ [0I0EPRu3DJ0].srt,generated_course_notes/lazyearn/school-of-hard-knocks/hard-knocks-interviews/chapters/lecture_57,lazyearn/school-of-hard-knocks/hard-knocks-interviews/057 - Young Entrepreneur Interviews SHAQ [0I0EPRu3DJ0].webm,yes,2562,e283237cdfeaf8af3fd9f82e9f9836b983e89e65c47a6f66d9326590c77c7318,"00:10:02,260",yes,yes,yes,yes,yes,4
58,Asking Billionaires How They Got Rich! (Beverly Hills),qQIKf7YQBbA,markdown/lazyearn/school-of-hard-knocks/hard-knocks-interviews/058 - Asking Billionaires How They Got Rich! (Beverly Hills) [qQIKf7YQBbA].md,subtitles/lazyearn/school-of-hard-knocks/hard-knocks-interviews/058 - Asking Billionaires How They Got Rich! (Beverly Hills) [qQIKf7YQBbA].srt,generated_course_notes/lazyearn/school-of-hard-knocks/hard-knocks-interviews/chapters/lecture_58,lazyearn/school-of-hard-knocks/hard-knocks-interviews/058 - Asking Billionaires How They Got Rich! (Beverly Hills) [qQIKf7YQBbA].webm,yes,4168,e599f38e1f87695b8bfacd86727fd7ab8b9a52d8156572f1996474e5d5208faa,"00:16:34,060",yes,yes,yes,yes,yes,8
59,Young Entrepreneur Interviews Patrick Bet-David,ZX_BJKKyDXo,markdown/lazyearn/school-of-hard-knocks/hard-knocks-interviews/059 - Young Entrepreneur Interviews Patrick Bet-David [ZX_BJKKyDXo].md,subtitles/lazyearn/school-of-hard-knocks/hard-knocks-interviews/059 - Young Entrepreneur Interviews Patrick Bet-David [ZX_BJKKyDXo].srt,generated_course_notes/lazyearn/school-of-hard-knocks/hard-knocks-interviews/chapters/lecture_59,lazyearn/school-of-hard-knocks/hard-knocks-interviews/059 - Young Entrepreneur Interviews Patrick Bet-David [ZX_BJKKyDXo].webm,yes,3398,10a55b53c7185a34d187c5654ac1a6574b8444bd22abf10d10b75149c3d90a16,"00:14:06,413",yes,yes,yes,yes,yes,9
60,Asking Billionaires How They Got Rich! (New York),JKkwS6FT7wY,markdown/lazyearn/school-of-hard-knocks/hard-knocks-interviews/060 - Asking Billionaires How They Got Rich! (New York) [JKkwS6FT7wY].md,subtitles/lazyearn/school-of-hard-knocks/hard-knocks-interviews/060 - Asking Billionaires How They Got Rich! (New York) [JKkwS6FT7wY].srt,generated_course_notes/lazyearn/school-of-hard-knocks/hard-knocks-interviews/chapters/lecture_60,lazyearn/school-of-hard-knocks/hard-knocks-interviews/060 - Asking Billionaires How They Got Rich! (New York) [JKkwS6FT7wY].webm,yes,3316,10fae13f1293fc9e843a7bc00dd19511a1e84d6511e11d0c495b757913ea1749,"00:14:56,780",yes,yes,yes,yes,yes,12
61,Asking Millionaires Who They're Voting For President,JMIE80d0Aoo,markdown/lazyearn/school-of-hard-knocks/hard-knocks-interviews/061 - Asking Millionaires Who They're Voting For President [JMIE80d0Aoo].md,subtitles/lazyearn/school-of-hard-knocks/hard-knocks-interviews/061 - Asking Millionaires Who They're Voting For President [JMIE80d0Aoo].srt,generated_course_notes/lazyearn/school-of-hard-knocks/hard-knocks-interviews/chapters/lecture_61,lazyearn/school-of-hard-knocks/hard-knocks-interviews/061 - Asking Millionaires Who They're Voting For President [JMIE80d0Aoo].webm,yes,3573,32abb9da349ed0d8dc11faa18e3f1c4d9c92cf132c66e805807bfb59211e0e85,"00:15:17,340",yes,yes,yes,yes,yes,8
62,Asking San Francisco Millionaires How They Got Rich!,G_GZbtj0uP8,markdown/lazyearn/school-of-hard-knocks/hard-knocks-interviews/062 - Asking San Francisco Millionaires How They Got Rich! [G_GZbtj0uP8].md,subtitles/lazyearn/school-of-hard-knocks/hard-knocks-interviews/062 - Asking San Francisco Millionaires How They Got Rich! [G_GZbtj0uP8].srt,generated_course_notes/lazyearn/school-of-hard-knocks/hard-knocks-interviews/chapters/lecture_62,lazyearn/school-of-hard-knocks/hard-knocks-interviews/062 - Asking San Francisco Millionaires How They Got Rich! [G_GZbtj0uP8].webm,yes,3217,cd8a7059b16c5aa05bfc7fda8834462503381b4a76e289fe55f4b26d56b240d0,"00:13:32,750",yes,yes,yes,yes,yes,12
63,Asking Houston Moguls How They Got Rich!,HEgFl6N2u4M,markdown/lazyearn/school-of-hard-knocks/hard-knocks-interviews/063 - Asking Houston Moguls How They Got Rich! [HEgFl6N2u4M].md,subtitles/lazyearn/school-of-hard-knocks/hard-knocks-interviews/063 - Asking Houston Moguls How They Got Rich! [HEgFl6N2u4M].srt,generated_course_notes/lazyearn/school-of-hard-knocks/hard-knocks-interviews/chapters/lecture_63,lazyearn/school-of-hard-knocks/hard-knocks-interviews/063 - Asking Houston Moguls How They Got Rich! [HEgFl6N2u4M].webm,yes,2577,a3c6753984e5720f0d2698780880fc14a2eab8979dd753238bdbdbfb39f024ee,"00:10:39,854",yes,yes,yes,yes,yes,11
64,Asking Wealthy Americans How They Got Rich! (Florida),oDJEZ-n9TCM,markdown/lazyearn/school-of-hard-knocks/hard-knocks-interviews/064 - Asking Wealthy Americans How They Got Rich! (Florida) [oDJEZ-n9TCM].md,subtitles/lazyearn/school-of-hard-knocks/hard-knocks-interviews/064 - Asking Wealthy Americans How They Got Rich! (Florida) [oDJEZ-n9TCM].srt,generated_course_notes/lazyearn/school-of-hard-knocks/hard-knocks-interviews/chapters/lecture_64,lazyearn/school-of-hard-knocks/hard-knocks-interviews/064 - Asking Wealthy Americans How They Got Rich! (Florida) [oDJEZ-n9TCM].webm,yes,3335,8711169411c9918d91523fd298dee56c5324b3fea8d58ba1b74bf5ac86242a56,"00:12:40,340",yes,yes,yes,yes,yes,11
65,Asking Las Vegas Millionaires How They Got Rich!,D0utmFm1l0o,markdown/lazyearn/school-of-hard-knocks/hard-knocks-interviews/065 - Asking Las Vegas Millionaires How They Got Rich! [D0utmFm1l0o].md,subtitles/lazyearn/school-of-hard-knocks/hard-knocks-interviews/065 - Asking Las Vegas Millionaires How They Got Rich! [D0utmFm1l0o].srt,generated_course_notes/lazyearn/school-of-hard-knocks/hard-knocks-interviews/chapters/lecture_65,lazyearn/school-of-hard-knocks/hard-knocks-interviews/065 - Asking Las Vegas Millionaires How They Got Rich! [D0utmFm1l0o].webm,yes,3059,e6c0e261ed16d3069783b9ab0531bfc77ca5331657e0cad262985a218d7a525e,"00:12:54,211",yes,yes,yes,yes,yes,0
66,Asking Miami Moguls How They Got Rich!,PWVoNu4ytEA,markdown/lazyearn/school-of-hard-knocks/hard-knocks-interviews/066 - Asking Miami Moguls How They Got Rich! [PWVoNu4ytEA].md,subtitles/lazyearn/school-of-hard-knocks/hard-knocks-interviews/066 - Asking Miami Moguls How They Got Rich! [PWVoNu4ytEA].srt,generated_course_notes/lazyearn/school-of-hard-knocks/hard-knocks-interviews/chapters/lecture_66,lazyearn/school-of-hard-knocks/hard-knocks-interviews/066 - Asking Miami Moguls How They Got Rich! [PWVoNu4ytEA].webm,yes,4820,f98b1d46eedce1a6c8feff16c75282b5c55e74d2e7bc8694f9d634307ed190a8,"00:19:25,100",yes,yes,yes,yes,yes,8
67,Asking Billionaires How They Got Rich! (Houston),IUIG4YG0T-Q,markdown/lazyearn/school-of-hard-knocks/hard-knocks-interviews/067 - Asking Billionaires How They Got Rich! (Houston) [IUIG4YG0T-Q].md,subtitles/lazyearn/school-of-hard-knocks/hard-knocks-interviews/067 - Asking Billionaires How They Got Rich! (Houston) [IUIG4YG0T-Q].srt,generated_course_notes/lazyearn/school-of-hard-knocks/hard-knocks-interviews/chapters/lecture_67,lazyearn/school-of-hard-knocks/hard-knocks-interviews/067 - Asking Billionaires How They Got Rich! (Houston) [IUIG4YG0T-Q].webm,yes,3382,1ea7af9acd6f6fda9efbc81cb61bb71283e088e1a8502b4aea64ef8f53e072e9,"00:13:43,298",yes,yes,yes,yes,yes,6
68,I Had to Beg Borrow & Steal.. Now I Make $300 Million,d4Yuq3iP5eI,markdown/lazyearn/school-of-hard-knocks/hard-knocks-interviews/068 - I Had to Beg Borrow & Steal.. Now I Make $300 Million [d4Yuq3iP5eI].md,subtitles/lazyearn/school-of-hard-knocks/hard-knocks-interviews/068 - I Had to Beg Borrow & Steal.. Now I Make $300 Million [d4Yuq3iP5eI].srt,generated_course_notes/lazyearn/school-of-hard-knocks/hard-knocks-interviews/chapters/lecture_68,lazyearn/school-of-hard-knocks/hard-knocks-interviews/068 - I Had to Beg Borrow & Steal.. Now I Make $300 Million [d4Yuq3iP5eI].webm,yes,5352,c041c4dd5463e216433746fb91e8f6d8a934fbd3c4d1c0899b3ce8d083075b36,"00:22:21,420",yes,yes,yes,yes,yes,11
69,Asking Wealthy Americans How They Got Rich! (Scottsdale),O5R1z_gPCSo,markdown/lazyearn/school-of-hard-knocks/hard-knocks-interviews/069 - Asking Wealthy Americans How They Got Rich! (Scottsdale) [O5R1z_gPCSo].md,subtitles/lazyearn/school-of-hard-knocks/hard-knocks-interviews/069 - Asking Wealthy Americans How They Got Rich! (Scottsdale) [O5R1z_gPCSo].srt,generated_course_notes/lazyearn/school-of-hard-knocks/hard-knocks-interviews/chapters/lecture_69,lazyearn/school-of-hard-knocks/hard-knocks-interviews/069 - Asking Wealthy Americans How They Got Rich! (Scottsdale) [O5R1z_gPCSo].webm,yes,3626,c23479e88d689b642bbaf6f8296bb6450390cd10ad1e2efca411a0e8e62aa4ab,"00:14:48,020",yes,yes,yes,yes,yes,14
70,I Asked Wall Street Millionaires How They Got RICH!,OtWKuR2hU68,markdown/lazyearn/school-of-hard-knocks/hard-knocks-interviews/070 - I Asked Wall Street Millionaires How They Got RICH! [OtWKuR2hU68].md,subtitles/lazyearn/school-of-hard-knocks/hard-knocks-interviews/070 - I Asked Wall Street Millionaires How They Got RICH! [OtWKuR2hU68].srt,generated_course_notes/lazyearn/school-of-hard-knocks/hard-knocks-interviews/chapters/lecture_70,lazyearn/school-of-hard-knocks/hard-knocks-interviews/070 - I Asked Wall Street Millionaires How They Got RICH! [OtWKuR2hU68].webm,yes,3732,bc912e8def396cab3ca15c9f0da4772db5d51bb3b0ceef44ef5b033e65364553,"00:14:30,200",yes,yes,yes,yes,yes,11
71,Asking Millionaires How They Got RICH! (Dallas),JsEUa3mMGe0,markdown/lazyearn/school-of-hard-knocks/hard-knocks-interviews/071 - Asking Millionaires How They Got RICH! (Dallas) [JsEUa3mMGe0].md,subtitles/lazyearn/school-of-hard-knocks/hard-knocks-interviews/071 - Asking Millionaires How They Got RICH! (Dallas) [JsEUa3mMGe0].srt,generated_course_notes/lazyearn/school-of-hard-knocks/hard-knocks-interviews/chapters/lecture_71,lazyearn/school-of-hard-knocks/hard-knocks-interviews/071 - Asking Millionaires How They Got RICH! (Dallas) [JsEUa3mMGe0].webm,yes,3577,4c572286a838e0b06115c37d1753907cdeebbfee3222b69b898b911fac012647,"00:13:17,980",yes,yes,yes,yes,yes,7
72,I Was Bankrupt… Now I’ve Made $3 Billion,9aBfrKtWJc8,markdown/lazyearn/school-of-hard-knocks/hard-knocks-interviews/072 - I Was Bankrupt… Now I’ve Made $3 Billion [9aBfrKtWJc8].md,subtitles/lazyearn/school-of-hard-knocks/hard-knocks-interviews/072 - I Was Bankrupt… Now I’ve Made $3 Billion [9aBfrKtWJc8].srt,generated_course_notes/lazyearn/school-of-hard-knocks/hard-knocks-interviews/chapters/lecture_72,lazyearn/school-of-hard-knocks/hard-knocks-interviews/072 - I Was Bankrupt… Now I’ve Made $3 Billion [9aBfrKtWJc8].webm,yes,15907,1287c301be6511ee36a42b0d48091c46bb093ef1b9f8518660159803c5abb9ad,"01:04:10,080",yes,yes,yes,yes,yes,10
73,Asking Billionaires How They Got RICH!,PN9Z4QH8X2w,markdown/lazyearn/school-of-hard-knocks/hard-knocks-interviews/073 - Asking Billionaires How They Got RICH! [PN9Z4QH8X2w].md,subtitles/lazyearn/school-of-hard-knocks/hard-knocks-interviews/073 - Asking Billionaires How They Got RICH! [PN9Z4QH8X2w].srt,generated_course_notes/lazyearn/school-of-hard-knocks/hard-knocks-interviews/chapters/lecture_73,lazyearn/school-of-hard-knocks/hard-knocks-interviews/073 - Asking Billionaires How They Got RICH! [PN9Z4QH8X2w].webm,yes,3586,9e4874dbbddaaaad827945c8398230122d82683043c98eca68c4b14360befb99,"00:13:28,393",yes,yes,yes,yes,yes,8
74,Young Entrepreneur Interviews Millionaire Justin Waller,6lmwLam3f4k,markdown/lazyearn/school-of-hard-knocks/hard-knocks-interviews/074 - Young Entrepreneur Interviews Millionaire Justin Waller [6lmwLam3f4k].md,subtitles/lazyearn/school-of-hard-knocks/hard-knocks-interviews/074 - Young Entrepreneur Interviews Millionaire Justin Waller [6lmwLam3f4k].srt,generated_course_notes/lazyearn/school-of-hard-knocks/hard-knocks-interviews/chapters/lecture_74,lazyearn/school-of-hard-knocks/hard-knocks-interviews/074 - Young Entrepreneur Interviews Millionaire Justin Waller [6lmwLam3f4k].webm,yes,2564,120f2fed7bedd87d489c00e9ced47959731bec8c7034393fe2a06072b4496720,"00:09:18,540",yes,yes,yes,yes,yes,2
75,Asking Salt Lake City Millionaires How They Got RICH!,90A-xjDipk4,markdown/lazyearn/school-of-hard-knocks/hard-knocks-interviews/075 - Asking Salt Lake City Millionaires How They Got RICH! [90A-xjDipk4].md,subtitles/lazyearn/school-of-hard-knocks/hard-knocks-interviews/075 - Asking Salt Lake City Millionaires How They Got RICH! [90A-xjDipk4].srt,generated_course_notes/lazyearn/school-of-hard-knocks/hard-knocks-interviews/chapters/lecture_75,lazyearn/school-of-hard-knocks/hard-knocks-interviews/075 - Asking Salt Lake City Millionaires How They Got RICH! [90A-xjDipk4].webm,yes,2848,b682342145e4025d6c25cede87012ffc0b7920117c577298620f8fe6d9f4f317,"00:11:56,120",yes,yes,yes,yes,yes,6
76,Asking Scottsdale Millionaires How They Got Rich,sExOe8q1QBc,markdown/lazyearn/school-of-hard-knocks/hard-knocks-interviews/076 - Asking Scottsdale Millionaires How They Got Rich [sExOe8q1QBc].md,subtitles/lazyearn/school-of-hard-knocks/hard-knocks-interviews/076 - Asking Scottsdale Millionaires How They Got Rich [sExOe8q1QBc].srt,generated_course_notes/lazyearn/school-of-hard-knocks/hard-knocks-interviews/chapters/lecture_76,lazyearn/school-of-hard-knocks/hard-knocks-interviews/076 - Asking Scottsdale Millionaires How They Got Rich [sExOe8q1QBc].webm,yes,4557,e544d5116f70e5f77fba4f7e4db24a03dae4b692ba9ae627ff40f5a2897e8d6f,"00:17:47,967",yes,yes,yes,yes,yes,8
77,Asking Supercar Owners How They Got RICH! (Florida),n7FLA5IZkWA,markdown/lazyearn/school-of-hard-knocks/hard-knocks-interviews/077 - Asking Supercar Owners How They Got RICH! (Florida) [n7FLA5IZkWA].md,subtitles/lazyearn/school-of-hard-knocks/hard-knocks-interviews/077 - Asking Supercar Owners How They Got RICH! (Florida) [n7FLA5IZkWA].srt,generated_course_notes/lazyearn/school-of-hard-knocks/hard-knocks-interviews/chapters/lecture_77,lazyearn/school-of-hard-knocks/hard-knocks-interviews/077 - Asking Supercar Owners How They Got RICH! (Florida) [n7FLA5IZkWA].webm,yes,3409,24386a7e56842c0554915bc32723abe4c7d493868d76f97e026e04071a9109f4,"00:13:37,378",yes,yes,yes,yes,yes,5
78,Asking Millionaire Golfers How They Got RICH!,9FZ7chhIfUM,markdown/lazyearn/school-of-hard-knocks/hard-knocks-interviews/078 - Asking Millionaire Golfers How They Got RICH! [9FZ7chhIfUM].md,subtitles/lazyearn/school-of-hard-knocks/hard-knocks-interviews/078 - Asking Millionaire Golfers How They Got RICH! [9FZ7chhIfUM].srt,generated_course_notes/lazyearn/school-of-hard-knocks/hard-knocks-interviews/chapters/lecture_78,lazyearn/school-of-hard-knocks/hard-knocks-interviews/078 - Asking Millionaire Golfers How They Got RICH! [9FZ7chhIfUM].mkv,yes,2933,0b839607201ac4014a279ffc1d74dbd1ddf1534d6bf5943ba4f17edc3fb792a5,"00:12:00,020",yes,yes,yes,yes,yes,2
79,Asking Atlanta Millionaires How They Got RICH!,2tRPK9s4p5k,markdown/lazyearn/school-of-hard-knocks/hard-knocks-interviews/079 - Asking Atlanta Millionaires How They Got RICH! [2tRPK9s4p5k].md,subtitles/lazyearn/school-of-hard-knocks/hard-knocks-interviews/079 - Asking Atlanta Millionaires How They Got RICH! [2tRPK9s4p5k].srt,generated_course_notes/lazyearn/school-of-hard-knocks/hard-knocks-interviews/chapters/lecture_79,lazyearn/school-of-hard-knocks/hard-knocks-interviews/079 - Asking Atlanta Millionaires How They Got RICH! [2tRPK9s4p5k].webm,yes,3359,d7e790ffc8fffd2d2d31e584813bfae243f599822fcfb80a4272e0bf434b5b45,"00:13:07,579",yes,yes,yes,yes,yes,3
80,Asking Millionaires How They Got RICH! (New York City),PFvRtVvP-Bo,markdown/lazyearn/school-of-hard-knocks/hard-knocks-interviews/080 - Asking Millionaires How They Got RICH! (New York City) [PFvRtVvP-Bo].md,subtitles/lazyearn/school-of-hard-knocks/hard-knocks-interviews/080 - Asking Millionaires How They Got RICH! (New York City) [PFvRtVvP-Bo].srt,generated_course_notes/lazyearn/school-of-hard-knocks/hard-knocks-interviews/chapters/lecture_80,lazyearn/school-of-hard-knocks/hard-knocks-interviews/080 - Asking Millionaires How They Got RICH! (New York City) [PFvRtVvP-Bo].webm,yes,3087,d37dfb2e5cb9310fd86d786227b83ec5693192ad6d5dc9d25b89d313e54e37bd,"00:11:59,339",yes,yes,yes,yes,yes,4
81,Asking Supercar Owners How They Got RICH! (Las Vegas),n3_QuKa208w,markdown/lazyearn/school-of-hard-knocks/hard-knocks-interviews/081 - Asking Supercar Owners How They Got RICH! (Las Vegas) [n3_QuKa208w].md,subtitles/lazyearn/school-of-hard-knocks/hard-knocks-interviews/081 - Asking Supercar Owners How They Got RICH! (Las Vegas) [n3_QuKa208w].srt,generated_course_notes/lazyearn/school-of-hard-knocks/hard-knocks-interviews/chapters/lecture_81,lazyearn/school-of-hard-knocks/hard-knocks-interviews/081 - Asking Supercar Owners How They Got RICH! (Las Vegas) [n3_QuKa208w].webm,yes,3893,93c832ce074e380f65bcb03ba31e17003fc1472101d420ef8906b01eee00ea82,"00:14:39,640",yes,yes,yes,yes,yes,2
82,I Asked Californian Millionaires How Much Money They LOST,6WweLDK6oiY,markdown/lazyearn/school-of-hard-knocks/hard-knocks-interviews/082 - I Asked Californian Millionaires How Much Money They LOST [6WweLDK6oiY].md,subtitles/lazyearn/school-of-hard-knocks/hard-knocks-interviews/082 - I Asked Californian Millionaires How Much Money They LOST [6WweLDK6oiY].srt,generated_course_notes/lazyearn/school-of-hard-knocks/hard-knocks-interviews/chapters/lecture_82,lazyearn/school-of-hard-knocks/hard-knocks-interviews/082 - I Asked Californian Millionaires How Much Money They LOST [6WweLDK6oiY].webm,yes,3239,9cef480a67f40c0f8b90dbde4806816e818b41a1fe7e73a61c00fc120ea3be6b,"00:12:40,660",yes,yes,yes,yes,yes,7
83,I Asked Miami Millionaires How They Got Rich,ZFkKWGnm1PA,markdown/lazyearn/school-of-hard-knocks/hard-knocks-interviews/083 - I Asked Miami Millionaires How They Got Rich [ZFkKWGnm1PA].md,subtitles/lazyearn/school-of-hard-knocks/hard-knocks-interviews/083 - I Asked Miami Millionaires How They Got Rich [ZFkKWGnm1PA].srt,generated_course_notes/lazyearn/school-of-hard-knocks/hard-knocks-interviews/chapters/lecture_83,lazyearn/school-of-hard-knocks/hard-knocks-interviews/083 - I Asked Miami Millionaires How They Got Rich [ZFkKWGnm1PA].webm,yes,4579,82954a5f25a33a14f86c1aa318f1aaa4e925509886fb87e588f4162b2e086265,"00:17:10,139",yes,yes,yes,yes,yes,3
84,Asking Luxury Shoppers How They Got RICH! (Dallas),ts5-LCzCUuE,markdown/lazyearn/school-of-hard-knocks/hard-knocks-interviews/084 - Asking Luxury Shoppers How They Got RICH! (Dallas) [ts5-LCzCUuE].md,subtitles/lazyearn/school-of-hard-knocks/hard-knocks-interviews/084 - Asking Luxury Shoppers How They Got RICH! (Dallas) [ts5-LCzCUuE].srt,generated_course_notes/lazyearn/school-of-hard-knocks/hard-knocks-interviews/chapters/lecture_84,lazyearn/school-of-hard-knocks/hard-knocks-interviews/084 - Asking Luxury Shoppers How They Got RICH! (Dallas) [ts5-LCzCUuE].webm,yes,3416,ce451209c9654cc8f2637567e520eedb6dff4b7e0095df1dc93ddad863b1e4ab,"00:13:04,680",yes,yes,yes,yes,yes,6
85,Asking Yacht Owners How They Got RICH!,hRFCQAIa0gA,markdown/lazyearn/school-of-hard-knocks/hard-knocks-interviews/085 - Asking Yacht Owners How They Got RICH! [hRFCQAIa0gA].md,subtitles/lazyearn/school-of-hard-knocks/hard-knocks-interviews/085 - Asking Yacht Owners How They Got RICH! [hRFCQAIa0gA].srt,generated_course_notes/lazyearn/school-of-hard-knocks/hard-knocks-interviews/chapters/lecture_85,lazyearn/school-of-hard-knocks/hard-knocks-interviews/085 - Asking Yacht Owners How They Got RICH! [hRFCQAIa0gA].webm,yes,3702,635dc2e00a5cf377a06c38a246dc4b873434e8070892f9177103eec126f05331,"00:14:08,620",yes,yes,yes,yes,yes,3
87,Asking Holiday Shoppers How They Got RICH!,eSkosEaDnDw,markdown/lazyearn/school-of-hard-knocks/hard-knocks-interviews/087 - Asking Holiday Shoppers How They Got RICH! [eSkosEaDnDw].md,subtitles/lazyearn/school-of-hard-knocks/hard-knocks-interviews/087 - Asking Holiday Shoppers How They Got RICH! [eSkosEaDnDw].srt,generated_course_notes/lazyearn/school-of-hard-knocks/hard-knocks-interviews/chapters/lecture_87,lazyearn/school-of-hard-knocks/hard-knocks-interviews/087 - Asking Holiday Shoppers How They Got RICH! [eSkosEaDnDw].webm,yes,3057,316a64c0348604055587b597b942e9e79e21f2628a31b98683838555bfc80005,"00:11:55,197",yes,yes,yes,yes,yes,4
88,Asking Texas Millionaires How They Got RICH!,exeXKslPiDI,markdown/lazyearn/school-of-hard-knocks/hard-knocks-interviews/088 - Asking Texas Millionaires How They Got RICH! [exeXKslPiDI].md,subtitles/lazyearn/school-of-hard-knocks/hard-knocks-interviews/088 - Asking Texas Millionaires How They Got RICH! [exeXKslPiDI].srt,generated_course_notes/lazyearn/school-of-hard-knocks/hard-knocks-interviews/chapters/lecture_88,lazyearn/school-of-hard-knocks/hard-knocks-interviews/088 - Asking Texas Millionaires How They Got RICH! [exeXKslPiDI].mkv,yes,2915,6e13e5a8c5c9cc3d49b1ca212e8c996eb22ce25fa1effb98e269405c66962238,"00:12:09,480",yes,yes,yes,yes,yes,9
89,Asking Miami Millionaires How to Get RICH!,BaxpJArMn9Y,markdown/lazyearn/school-of-hard-knocks/hard-knocks-interviews/089 - Asking Miami Millionaires How to Get RICH! [BaxpJArMn9Y].md,subtitles/lazyearn/school-of-hard-knocks/hard-knocks-interviews/089 - Asking Miami Millionaires How to Get RICH! [BaxpJArMn9Y].srt,generated_course_notes/lazyearn/school-of-hard-knocks/hard-knocks-interviews/chapters/lecture_89,lazyearn/school-of-hard-knocks/hard-knocks-interviews/089 - Asking Miami Millionaires How to Get RICH! [BaxpJArMn9Y].webm,yes,3443,d0111d1bda7fdc44362a38e08a5681ba1be688603e0bbd32f4f737bc237253e9,"00:14:17,501",yes,yes,yes,yes,yes,8
90,How He Built A $200 Million⧸Year Security Company,prPvzJwgHqg,markdown/lazyearn/school-of-hard-knocks/hard-knocks-interviews/090 - How He Built A $200 Million⧸Year Security Company [prPvzJwgHqg].md,subtitles/lazyearn/school-of-hard-knocks/hard-knocks-interviews/090 - How He Built A $200 Million⧸Year Security Company [prPvzJwgHqg].srt,generated_course_notes/lazyearn/school-of-hard-knocks/hard-knocks-interviews/chapters/lecture_90,lazyearn/school-of-hard-knocks/hard-knocks-interviews/090 - How He Built A $200 Million⧸Year Security Company [prPvzJwgHqg].webm,yes,3898,5db733cc615822d1fe017eb6dca5cb5152e7b06a0fab4cf8c3d67453ec477427,"00:15:41,280",yes,yes,yes,yes,yes,5
91,Asking Millionaires How They Got RICH! (Scottsdale),nReWQdfRSC8,markdown/lazyearn/school-of-hard-knocks/hard-knocks-interviews/091 - Asking Millionaires How They Got RICH! (Scottsdale) [nReWQdfRSC8].md,subtitles/lazyearn/school-of-hard-knocks/hard-knocks-interviews/091 - Asking Millionaires How They Got RICH! (Scottsdale) [nReWQdfRSC8].srt,generated_course_notes/lazyearn/school-of-hard-knocks/hard-knocks-interviews/chapters/lecture_91,lazyearn/school-of-hard-knocks/hard-knocks-interviews/091 - Asking Millionaires How They Got RICH! (Scottsdale) [nReWQdfRSC8].webm,yes,3372,33340300687363a0ecca7d5a74996f890a9c20bb7c790113de284d0c3b8e1ad3,"00:12:22,760",yes,yes,yes,yes,yes,11
92,Asking Calabasas Millionaires How They Got RICH!,kJ7HiO27n1g,markdown/lazyearn/school-of-hard-knocks/hard-knocks-interviews/092 - Asking Calabasas Millionaires How They Got RICH! [kJ7HiO27n1g].md,subtitles/lazyearn/school-of-hard-knocks/hard-knocks-interviews/092 - Asking Calabasas Millionaires How They Got RICH! [kJ7HiO27n1g].srt,generated_course_notes/lazyearn/school-of-hard-knocks/hard-knocks-interviews/chapters/lecture_92,lazyearn/school-of-hard-knocks/hard-knocks-interviews/092 - Asking Calabasas Millionaires How They Got RICH! [kJ7HiO27n1g].mkv,yes,2333,0bb409fcb93eda9f4c480519d279d43c46a367c782e031bb57912740aa6021ee,"00:09:13,819",yes,yes,yes,yes,yes,3
93,Asking Millionaire Homeowners How They Got Rich,_5yi6XW4Av8,markdown/lazyearn/school-of-hard-knocks/hard-knocks-interviews/093 - Asking Millionaire Homeowners How They Got Rich [_5yi6XW4Av8].md,subtitles/lazyearn/school-of-hard-knocks/hard-knocks-interviews/093 - Asking Millionaire Homeowners How They Got Rich [_5yi6XW4Av8].srt,generated_course_notes/lazyearn/school-of-hard-knocks/hard-knocks-interviews/chapters/lecture_93,lazyearn/school-of-hard-knocks/hard-knocks-interviews/093 - Asking Millionaire Homeowners How They Got Rich [_5yi6XW4Av8].webm,yes,2890,f31de4060dca19ebc537074124ce5858d24b3a6c37dae4dbe4fb879a756511b0,"00:12:13,459",yes,yes,yes,yes,yes,5
94,Asking Orlando Millionaire’s How They Got RICH!,YU_58awAISY,markdown/lazyearn/school-of-hard-knocks/hard-knocks-interviews/094 - Asking Orlando Millionaire’s How They Got RICH! [YU_58awAISY].md,subtitles/lazyearn/school-of-hard-knocks/hard-knocks-interviews/094 - Asking Orlando Millionaire’s How They Got RICH! [YU_58awAISY].srt,generated_course_notes/lazyearn/school-of-hard-knocks/hard-knocks-interviews/chapters/lecture_94,lazyearn/school-of-hard-knocks/hard-knocks-interviews/094 - Asking Orlando Millionaire’s How They Got RICH! [YU_58awAISY].webm,yes,2895,e700a1cf7b68cb47078f085da2b93f0df06db067052c075fddbb2f48af0a72ae,"00:10:23,400",yes,yes,yes,yes,yes,3
95,Asking Beverly Hills Millionaires How They Got RICH!,xe3GmH-mBQI,markdown/lazyearn/school-of-hard-knocks/hard-knocks-interviews/095 - Asking Beverly Hills Millionaires How They Got RICH! [xe3GmH-mBQI].md,subtitles/lazyearn/school-of-hard-knocks/hard-knocks-interviews/095 - Asking Beverly Hills Millionaires How They Got RICH! [xe3GmH-mBQI].srt,generated_course_notes/lazyearn/school-of-hard-knocks/hard-knocks-interviews/chapters/lecture_95,lazyearn/school-of-hard-knocks/hard-knocks-interviews/095 - Asking Beverly Hills Millionaires How They Got RICH! [xe3GmH-mBQI].webm,yes,3442,d5f27605a08612f940512d121fc49e0ef68766f8931e793e4aeb99da14014938,"00:13:13,360",yes,yes,yes,yes,yes,10
96,Asking A 27 Year Old How to Make $300 Million,V6I3R5Z-YZI,markdown/lazyearn/school-of-hard-knocks/hard-knocks-interviews/096 - Asking A 27 Year Old How to Make $300 Million [V6I3R5Z-YZI].md,subtitles/lazyearn/school-of-hard-knocks/hard-knocks-interviews/096 - Asking A 27 Year Old How to Make $300 Million [V6I3R5Z-YZI].srt,generated_course_notes/lazyearn/school-of-hard-knocks/hard-knocks-interviews/chapters/lecture_96,lazyearn/school-of-hard-knocks/hard-knocks-interviews/096 - Asking A 27 Year Old How to Make $300 Million [V6I3R5Z-YZI].mkv,yes,4865,7201e66e771433d9a9f7718d73cce5d588279e22791636c9b50094fcde8e0250,"00:20:52,458",yes,yes,yes,yes,yes,10
97,Asking Supercar Owners How They Got RICH!,G2kqG3kDdGo,markdown/lazyearn/school-of-hard-knocks/hard-knocks-interviews/097 - Asking Supercar Owners How They Got RICH! [G2kqG3kDdGo].md,subtitles/lazyearn/school-of-hard-knocks/hard-knocks-interviews/097 - Asking Supercar Owners How They Got RICH! [G2kqG3kDdGo].srt,generated_course_notes/lazyearn/school-of-hard-knocks/hard-knocks-interviews/chapters/lecture_97,lazyearn/school-of-hard-knocks/hard-knocks-interviews/097 - Asking Supercar Owners How They Got RICH! [G2kqG3kDdGo].webm,yes,4385,fad18b24feaa013ef15aae900fb3e027d593ce2d059345162d2d12d9fc28730f,"00:16:15,199",yes,yes,yes,yes,yes,10
98,Asking Millionaires How They Got RICH! (Austin),pBjoezYFA0Y,markdown/lazyearn/school-of-hard-knocks/hard-knocks-interviews/098 - Asking Millionaires How They Got RICH! (Austin) [pBjoezYFA0Y].md,subtitles/lazyearn/school-of-hard-knocks/hard-knocks-interviews/098 - Asking Millionaires How They Got RICH! (Austin) [pBjoezYFA0Y].srt,generated_course_notes/lazyearn/school-of-hard-knocks/hard-knocks-interviews/chapters/lecture_98,lazyearn/school-of-hard-knocks/hard-knocks-interviews/098 - Asking Millionaires How They Got RICH! (Austin) [pBjoezYFA0Y].webm,yes,3505,8d1941e3ccb5f3498e08355ade90243183dbd5ae359c51cb0edf5d82df8b0302,"00:14:16,680",yes,yes,yes,yes,yes,1
99,Meet The Most Interesting Man On The Planet,3K43YBxUp0I,markdown/lazyearn/school-of-hard-knocks/hard-knocks-interviews/099 - Meet The Most Interesting Man On The Planet [3K43YBxUp0I].md,subtitles/lazyearn/school-of-hard-knocks/hard-knocks-interviews/099 - Meet The Most Interesting Man On The Planet [3K43YBxUp0I].srt,generated_course_notes/lazyearn/school-of-hard-knocks/hard-knocks-interviews/chapters/lecture_99,lazyearn/school-of-hard-knocks/hard-knocks-interviews/099 - Meet The Most Interesting Man On The Planet [3K43YBxUp0I].webm,yes,3932,d23e4a86390804fcdf5175759040846d4e14f9a1dc1368f0e964dbb638de97f2,"00:19:12,568",yes,yes,yes,yes,yes,8
100,Asking Luxury Shoppers How They Got RICH! (Miami),ZHFNlM0xG4U,markdown/lazyearn/school-of-hard-knocks/hard-knocks-interviews/100 - Asking Luxury Shoppers How They Got RICH! (Miami) [ZHFNlM0xG4U].md,subtitles/lazyearn/school-of-hard-knocks/hard-knocks-interviews/100 - Asking Luxury Shoppers How They Got RICH! (Miami) [ZHFNlM0xG4U].srt,generated_course_notes/lazyearn/school-of-hard-knocks/hard-knocks-interviews/chapters/lecture_100,lazyearn/school-of-hard-knocks/hard-knocks-interviews/100 - Asking Luxury Shoppers How They Got RICH! (Miami) [ZHFNlM0xG4U].webm,yes,3880,406b5c37f884211932f526f0f5c530e98575bb7a3bdd167bed74a88180fc4a25,"00:15:17,800",yes,yes,yes,yes,yes,8
101,Asking Millionaires How They Got RICH! (Miami),BP548td2dds,markdown/lazyearn/school-of-hard-knocks/hard-knocks-interviews/101 - Asking Millionaires How They Got RICH! (Miami) [BP548td2dds].md,subtitles/lazyearn/school-of-hard-knocks/hard-knocks-interviews/101 - Asking Millionaires How They Got RICH! (Miami) [BP548td2dds].srt,generated_course_notes/lazyearn/school-of-hard-knocks/hard-knocks-interviews/chapters/lecture_101,lazyearn/school-of-hard-knocks/hard-knocks-interviews/101 - Asking Millionaires How They Got RICH! (Miami) [BP548td2dds].webm,yes,4334,70e66af4b7a377b85bf1e4e5e41c960128fc56e49784214588a36ed356f9d515,"00:18:11,040",yes,yes,yes,yes,yes,12
102,Young Entrepreneur Interviews Billionaire Grant Cardone,yOSsd1Tpno4,markdown/lazyearn/school-of-hard-knocks/hard-knocks-interviews/102 - Young Entrepreneur Interviews Billionaire Grant Cardone [yOSsd1Tpno4].md,subtitles/lazyearn/school-of-hard-knocks/hard-knocks-interviews/102 - Young Entrepreneur Interviews Billionaire Grant Cardone [yOSsd1Tpno4].srt,generated_course_notes/lazyearn/school-of-hard-knocks/hard-knocks-interviews/chapters/lecture_102,lazyearn/school-of-hard-knocks/hard-knocks-interviews/102 - Young Entrepreneur Interviews Billionaire Grant Cardone [yOSsd1Tpno4].webm,yes,9439,d318a6ab0afab3a0c4697e3ac45f98979a14178765a8560f414fcc68648dc80c,"00:44:28,704",yes,yes,yes,yes,yes,6
103,Asking Millionaires How They Got RICH! (Dallas),jJxwJhdKb1s,markdown/lazyearn/school-of-hard-knocks/hard-knocks-interviews/103 - Asking Millionaires How They Got RICH! (Dallas) [jJxwJhdKb1s].md,subtitles/lazyearn/school-of-hard-knocks/hard-knocks-interviews/103 - Asking Millionaires How They Got RICH! (Dallas) [jJxwJhdKb1s].srt,generated_course_notes/lazyearn/school-of-hard-knocks/hard-knocks-interviews/chapters/lecture_103,lazyearn/school-of-hard-knocks/hard-knocks-interviews/103 - Asking Millionaires How They Got RICH! (Dallas) [jJxwJhdKb1s].webm,yes,3719,15190b75e307984765ca6ff553ca0e3205fb7cb90455da5b22310478a91f545b,"00:14:51,940",yes,yes,yes,yes,yes,6
104,From $0 To $12M A Year At 26Years Old. Here’s How,7Cxfg0N_MUw,markdown/lazyearn/school-of-hard-knocks/hard-knocks-interviews/104 - From $0 To $12M A Year At 26Years Old. Here’s How [7Cxfg0N_MUw].md,subtitles/lazyearn/school-of-hard-knocks/hard-knocks-interviews/104 - From $0 To $12M A Year At 26Years Old. Here’s How [7Cxfg0N_MUw].srt,generated_course_notes/lazyearn/school-of-hard-knocks/hard-knocks-interviews/chapters/lecture_104,lazyearn/school-of-hard-knocks/hard-knocks-interviews/104 - From $0 To $12M A Year At 26Years Old. Here’s How [7Cxfg0N_MUw].webm,yes,1871,7dd1c1d2cfbe8f1ab15280c923faefad7cf661d7935389bb9503881c03d4da38,"00:08:13,000",yes,yes,yes,yes,yes,8
105,Asking Millionaire Homeowners How They Got Rich,H1Dt1Pz-B4g,markdown/lazyearn/school-of-hard-knocks/hard-knocks-interviews/105 - Asking Millionaire Homeowners How They Got Rich [H1Dt1Pz-B4g].md,subtitles/lazyearn/school-of-hard-knocks/hard-knocks-interviews/105 - Asking Millionaire Homeowners How They Got Rich [H1Dt1Pz-B4g].srt,generated_course_notes/lazyearn/school-of-hard-knocks/hard-knocks-interviews/chapters/lecture_105,lazyearn/school-of-hard-knocks/hard-knocks-interviews/105 - Asking Millionaire Homeowners How They Got Rich [H1Dt1Pz-B4g].webm,yes,3828,306a1078d30d40a4cf3f0936a7193c441349589e0ed456a887a20edbaf4825fc,"00:15:34,378",yes,yes,yes,yes,yes,4
106,Asking Millionaires How They Got RICH! (Houston),FLgy1LvYTDI,markdown/lazyearn/school-of-hard-knocks/hard-knocks-interviews/106 - Asking Millionaires How They Got RICH! (Houston) [FLgy1LvYTDI].md,subtitles/lazyearn/school-of-hard-knocks/hard-knocks-interviews/106 - Asking Millionaires How They Got RICH! (Houston) [FLgy1LvYTDI].srt,generated_course_notes/lazyearn/school-of-hard-knocks/hard-knocks-interviews/chapters/lecture_106,lazyearn/school-of-hard-knocks/hard-knocks-interviews/106 - Asking Millionaires How They Got RICH! (Houston) [FLgy1LvYTDI].mkv,yes,3007,0b58e51555f461e895177649acc18b11cdb370547e79b8e13d25eebd22f6f65f,"00:11:56,980",yes,yes,yes,yes,yes,6
107,6 Questions With A Public CEO,bmQRL82f-5I,markdown/lazyearn/school-of-hard-knocks/hard-knocks-interviews/107 - 6 Questions With A Public CEO [bmQRL82f-5I].md,subtitles/lazyearn/school-of-hard-knocks/hard-knocks-interviews/107 - 6 Questions With A Public CEO [bmQRL82f-5I].srt,generated_course_notes/lazyearn/school-of-hard-knocks/hard-knocks-interviews/chapters/lecture_107,lazyearn/school-of-hard-knocks/hard-knocks-interviews/107 - 6 Questions With A Public CEO [bmQRL82f-5I].mkv,yes,3849,d824a0565ec8457def98c49d6d066601147a0e36567173a50d81630aa60ddf25,"00:20:29,460",yes,yes,yes,yes,yes,4
108,The Single Skill That Built His $100M Year Business,oRqUthcMi6I,markdown/lazyearn/school-of-hard-knocks/hard-knocks-interviews/108 - The Single Skill That Built His $100M Year Business [oRqUthcMi6I].md,subtitles/lazyearn/school-of-hard-knocks/hard-knocks-interviews/108 - The Single Skill That Built His $100M Year Business [oRqUthcMi6I].srt,generated_course_notes/lazyearn/school-of-hard-knocks/hard-knocks-interviews/chapters/lecture_108,lazyearn/school-of-hard-knocks/hard-knocks-interviews/108 - The Single Skill That Built His $100M Year Business [oRqUthcMi6I].mkv,yes,3080,f809fa7412437b76b94beab0a85694401b2331f276633795bbca48d404f69e3d,"00:14:53,760",yes,yes,yes,yes,yes,4
109,Asking Miami Luxury Shoppers How They Got Rich,efJj9j2NRJg,markdown/lazyearn/school-of-hard-knocks/hard-knocks-interviews/109 - Asking Miami Luxury Shoppers How They Got Rich [efJj9j2NRJg].md,subtitles/lazyearn/school-of-hard-knocks/hard-knocks-interviews/109 - Asking Miami Luxury Shoppers How They Got Rich [efJj9j2NRJg].srt,generated_course_notes/lazyearn/school-of-hard-knocks/hard-knocks-interviews/chapters/lecture_109,lazyearn/school-of-hard-knocks/hard-knocks-interviews/109 - Asking Miami Luxury Shoppers How They Got Rich [efJj9j2NRJg].mkv,yes,2849,8cbc33e84c4d00f937fc77d4359e4ae86cc099c10988c4d3102bd2150a7bdc52,"00:11:59,360",yes,yes,yes,yes,yes,5
110,He Turned $100k Into $25M,lAOliWexJgo,markdown/lazyearn/school-of-hard-knocks/hard-knocks-interviews/110 - He Turned $100k Into $25M [lAOliWexJgo].md,subtitles/lazyearn/school-of-hard-knocks/hard-knocks-interviews/110 - He Turned $100k Into $25M [lAOliWexJgo].srt,generated_course_notes/lazyearn/school-of-hard-knocks/hard-knocks-interviews/chapters/lecture_110,lazyearn/school-of-hard-knocks/hard-knocks-interviews/110 - He Turned $100k Into $25M [lAOliWexJgo].webm,yes,4320,6c33df7bf7a3d4be91f24dcfa11e9d0f5ac62b5b7b15f4630f701890a0a95872,"00:17:15,460",yes,yes,yes,yes,yes,7
111,Asking Miami Millionaires How They Got Rich,O_FWBldliEo,markdown/lazyearn/school-of-hard-knocks/hard-knocks-interviews/111 - Asking Miami Millionaires How They Got Rich [O_FWBldliEo].md,subtitles/lazyearn/school-of-hard-knocks/hard-knocks-interviews/111 - Asking Miami Millionaires How They Got Rich [O_FWBldliEo].srt,generated_course_notes/lazyearn/school-of-hard-knocks/hard-knocks-interviews/chapters/lecture_111,lazyearn/school-of-hard-knocks/hard-knocks-interviews/111 - Asking Miami Millionaires How They Got Rich [O_FWBldliEo].mkv,yes,3560,7937f1a5c40439f47b4f0ac9fe1eec12a95ac9ec1829cef31ce7051a27ac24e8,"00:14:43,780",yes,yes,yes,yes,yes,8
112,Asking Orlando Millionaires How They Got Rich,C2lgZOIPp8c,markdown/lazyearn/school-of-hard-knocks/hard-knocks-interviews/112 - Asking Orlando Millionaires How They Got Rich [C2lgZOIPp8c].md,subtitles/lazyearn/school-of-hard-knocks/hard-knocks-interviews/112 - Asking Orlando Millionaires How They Got Rich [C2lgZOIPp8c].srt,generated_course_notes/lazyearn/school-of-hard-knocks/hard-knocks-interviews/chapters/lecture_112,lazyearn/school-of-hard-knocks/hard-knocks-interviews/112 - Asking Orlando Millionaires How They Got Rich [C2lgZOIPp8c].mkv,yes,3230,6fcc23aa07836328246b26e2113de7fb297489eb4f8f91532f8ffc4e8ed833a4,"00:12:43,140",yes,yes,yes,yes,yes,5
113,"Asking Strangers How Much MONEY They Make (Austin, Texas)",1m7ERHu13sc,"markdown/lazyearn/school-of-hard-knocks/hard-knocks-interviews/113 - Asking Strangers How Much MONEY They Make (Austin, Texas) [1m7ERHu13sc].md","subtitles/lazyearn/school-of-hard-knocks/hard-knocks-interviews/113 - Asking Strangers How Much MONEY They Make (Austin, Texas) [1m7ERHu13sc].srt",generated_course_notes/lazyearn/school-of-hard-knocks/hard-knocks-interviews/chapters/lecture_113,"lazyearn/school-of-hard-knocks/hard-knocks-interviews/113 - Asking Strangers How Much MONEY They Make (Austin, Texas) [1m7ERHu13sc].mkv",yes,2864,c79c8622653ee336690ef0d00b5f9416c58f5854f9f24523f4c7bb7d66d85200,"00:11:00,180",yes,yes,yes,yes,yes,3
114,Asking A Tech Millionaire How To Start & Scale a Tech Company,3G79t-mcgJ8,markdown/lazyearn/school-of-hard-knocks/hard-knocks-interviews/114 - Asking A Tech Millionaire How To Start & Scale a Tech Company [3G79t-mcgJ8].md,subtitles/lazyearn/school-of-hard-knocks/hard-knocks-interviews/114 - Asking A Tech Millionaire How To Start & Scale a Tech Company [3G79t-mcgJ8].srt,generated_course_notes/lazyearn/school-of-hard-knocks/hard-knocks-interviews/chapters/lecture_114,lazyearn/school-of-hard-knocks/hard-knocks-interviews/114 - Asking A Tech Millionaire How To Start & Scale a Tech Company [3G79t-mcgJ8].webm,yes,3031,0e64355831d054e2f02d240c99e6355c2df8c2b262167f130940781dbef77323,"00:12:47,600",yes,yes,yes,yes,yes,2
115,Asking Denver Millionaires How Much Money They Make,w1bpdHouHpI,markdown/lazyearn/school-of-hard-knocks/hard-knocks-interviews/115 - Asking Denver Millionaires How Much Money They Make [w1bpdHouHpI].md,subtitles/lazyearn/school-of-hard-knocks/hard-knocks-interviews/115 - Asking Denver Millionaires How Much Money They Make [w1bpdHouHpI].srt,generated_course_notes/lazyearn/school-of-hard-knocks/hard-knocks-interviews/chapters/lecture_115,lazyearn/school-of-hard-knocks/hard-knocks-interviews/115 - Asking Denver Millionaires How Much Money They Make [w1bpdHouHpI].webm,yes,1845,a1bf0d4f77b23cf311ec3f81b97f606cca3ecdbcd4a838be9e2377994b6243cd,"00:07:07,220",yes,yes,yes,yes,yes,2
117,Asking Millionaires How They Got RICH! (Houston),Kq4nx8DLrpY,markdown/lazyearn/school-of-hard-knocks/hard-knocks-interviews/117 - Asking Millionaires How They Got RICH! (Houston) [Kq4nx8DLrpY].md,subtitles/lazyearn/school-of-hard-knocks/hard-knocks-interviews/117 - Asking Millionaires How They Got RICH! (Houston) [Kq4nx8DLrpY].srt,generated_course_notes/lazyearn/school-of-hard-knocks/hard-knocks-interviews/chapters/lecture_117,lazyearn/school-of-hard-knocks/hard-knocks-interviews/117 - Asking Millionaires How They Got RICH! (Houston) [Kq4nx8DLrpY].mkv,yes,2676,ffbd2888127f233a3766de6d529887935c2392b95ae619cb44941ef9869d769c,"00:09:50,100",yes,yes,yes,yes,yes,2
118,Entrepreneurs Guide To Start and Scale ANY Business,MtvcqGNGev8,markdown/lazyearn/school-of-hard-knocks/hard-knocks-interviews/118 - Entrepreneurs Guide To Start and Scale ANY Business [MtvcqGNGev8].md,subtitles/lazyearn/school-of-hard-knocks/hard-knocks-interviews/118 - Entrepreneurs Guide To Start and Scale ANY Business [MtvcqGNGev8].srt,generated_course_notes/lazyearn/school-of-hard-knocks/hard-knocks-interviews/chapters/lecture_118,lazyearn/school-of-hard-knocks/hard-knocks-interviews/118 - Entrepreneurs Guide To Start and Scale ANY Business [MtvcqGNGev8].mkv,yes,2053,67b85678f7ad79846106ca5e469657bd479025fd8356c86f1f322fa5b708d32a,"00:08:44,700",yes,yes,yes,yes,yes,5
119,How to Make $2 Million in Commercial Real Estate,3aG9DVb6vBs,markdown/lazyearn/school-of-hard-knocks/hard-knocks-interviews/119 - How to Make $2 Million in Commercial Real Estate [3aG9DVb6vBs].md,subtitles/lazyearn/school-of-hard-knocks/hard-knocks-interviews/119 - How to Make $2 Million in Commercial Real Estate [3aG9DVb6vBs].srt,generated_course_notes/lazyearn/school-of-hard-knocks/hard-knocks-interviews/chapters/lecture_119,lazyearn/school-of-hard-knocks/hard-knocks-interviews/119 - How to Make $2 Million in Commercial Real Estate [3aG9DVb6vBs].webm,yes,2105,0bf706e178060857a4f2d78a98107cc0ce3d778d85c1f3b1af164e200d8d061d,"00:09:12,260",yes,yes,yes,yes,yes,6
120,Asking Entrepreneurs How They Got RICH! (San Antonio),Iw7huxwfHRM,markdown/lazyearn/school-of-hard-knocks/hard-knocks-interviews/120 - Asking Entrepreneurs How They Got RICH! (San Antonio) [Iw7huxwfHRM].md,subtitles/lazyearn/school-of-hard-knocks/hard-knocks-interviews/120 - Asking Entrepreneurs How They Got RICH! (San Antonio) [Iw7huxwfHRM].srt,generated_course_notes/lazyearn/school-of-hard-knocks/hard-knocks-interviews/chapters/lecture_120,lazyearn/school-of-hard-knocks/hard-knocks-interviews/120 - Asking Entrepreneurs How They Got RICH! (San Antonio) [Iw7huxwfHRM].mkv,yes,2395,205b12be95091446da4d8ea80ff241a7c6b6da861f2cef9aefe40e698c51087a,"00:09:46,860",yes,yes,yes,yes,yes,2
121,Asking Golf Course Millionaires How They Got Rich,RGt99we0cGA,markdown/lazyearn/school-of-hard-knocks/hard-knocks-interviews/121 - Asking Golf Course Millionaires How They Got Rich [RGt99we0cGA].md,subtitles/lazyearn/school-of-hard-knocks/hard-knocks-interviews/121 - Asking Golf Course Millionaires How They Got Rich [RGt99we0cGA].srt,generated_course_notes/lazyearn/school-of-hard-knocks/hard-knocks-interviews/chapters/lecture_121,lazyearn/school-of-hard-knocks/hard-knocks-interviews/121 - Asking Golf Course Millionaires How They Got Rich [RGt99we0cGA].webm,yes,2589,de57e58d574f626ff5f8b45dcd81b56ce55d2e21e0e4a99cf5fe3a6dd347c38f,"00:10:28,100",yes,yes,yes,yes,yes,7
122,HOW TO GET EVERYTHING YOU WANT IN LIFE Ft. Josh Terry,_wo0ox2mSjc,markdown/lazyearn/school-of-hard-knocks/hard-knocks-interviews/122 - HOW TO GET EVERYTHING YOU WANT IN LIFE Ft. Josh Terry [_wo0ox2mSjc].md,subtitles/lazyearn/school-of-hard-knocks/hard-knocks-interviews/122 - HOW TO GET EVERYTHING YOU WANT IN LIFE Ft. Josh Terry [_wo0ox2mSjc].srt,generated_course_notes/lazyearn/school-of-hard-knocks/hard-knocks-interviews/chapters/lecture_122,lazyearn/school-of-hard-knocks/hard-knocks-interviews/122 - HOW TO GET EVERYTHING YOU WANT IN LIFE Ft. Josh Terry [_wo0ox2mSjc].mkv,yes,2293,7db9ea9ecff2e5b8ea688bb3be67391285f20a2b25e931c96e23c319a4a20e70,"00:09:29,060",yes,yes,yes,yes,yes,7
123,Asking a Private Equity Millionaire How He Got Rich,uf0Or7n8_bU,markdown/lazyearn/school-of-hard-knocks/hard-knocks-interviews/123 - Asking a Private Equity Millionaire How He Got Rich [uf0Or7n8_bU].md,subtitles/lazyearn/school-of-hard-knocks/hard-knocks-interviews/123 - Asking a Private Equity Millionaire How He Got Rich [uf0Or7n8_bU].srt,generated_course_notes/lazyearn/school-of-hard-knocks/hard-knocks-interviews/chapters/lecture_123,lazyearn/school-of-hard-knocks/hard-knocks-interviews/123 - Asking a Private Equity Millionaire How He Got Rich [uf0Or7n8_bU].mkv,yes,3938,10fe3f74a353759fbff037e4c449b34ac9fa1b734404dd58c46c396c1a09f5f3,"00:16:17,420",yes,yes,yes,yes,yes,7
124,"Asking Millionaires How To Make $1,000,000!",O_pe_5L769E,"markdown/lazyearn/school-of-hard-knocks/hard-knocks-interviews/124 - Asking Millionaires How To Make $1,000,000! [O_pe_5L769E].md","subtitles/lazyearn/school-of-hard-knocks/hard-knocks-interviews/124 - Asking Millionaires How To Make $1,000,000! [O_pe_5L769E].srt",generated_course_notes/lazyearn/school-of-hard-knocks/hard-knocks-interviews/chapters/lecture_124,"lazyearn/school-of-hard-knocks/hard-knocks-interviews/124 - Asking Millionaires How To Make $1,000,000! [O_pe_5L769E].mkv",yes,1996,04a9e1c18b5c06ef4ff1de3e9ee71e3555e0fd5f72b20b9a1b2eb9f0fd33543b,"00:08:30,359",yes,yes,yes,yes,yes,2
125,Entrepreneurs interesting perspective to building wealth,RI8aZSK1Nr4,markdown/lazyearn/school-of-hard-knocks/hard-knocks-interviews/125 - Entrepreneurs interesting perspective to building wealth [RI8aZSK1Nr4].md,subtitles/lazyearn/school-of-hard-knocks/hard-knocks-interviews/125 - Entrepreneurs interesting perspective to building wealth [RI8aZSK1Nr4].srt,generated_course_notes/lazyearn/school-of-hard-knocks/hard-knocks-interviews/chapters/lecture_125,lazyearn/school-of-hard-knocks/hard-knocks-interviews/125 - Entrepreneurs interesting perspective to building wealth [RI8aZSK1Nr4].webm,yes,110,a600f52e67f5e26a6f6efda54b0e3c44f048b1cad9163a6ebd409c81c2259fec,"00:00:31,540",yes,yes,yes,yes,yes,6
126,Fashion Entrepreneurs Wise Life Advice,Kl2_ddXq0QU,markdown/lazyearn/school-of-hard-knocks/hard-knocks-interviews/126 - Fashion Entrepreneurs Wise Life Advice [Kl2_ddXq0QU].md,subtitles/lazyearn/school-of-hard-knocks/hard-knocks-interviews/126 - Fashion Entrepreneurs Wise Life Advice [Kl2_ddXq0QU].srt,generated_course_notes/lazyearn/school-of-hard-knocks/hard-knocks-interviews/chapters/lecture_126,lazyearn/school-of-hard-knocks/hard-knocks-interviews/126 - Fashion Entrepreneurs Wise Life Advice [Kl2_ddXq0QU].webm,yes,138,8fca7d236ae2ae85cd9d1ab61b6f8ca6913ed5655acdf04a72797de04f757867,"00:00:29,120",yes,yes,yes,yes,yes,7
127,Serial Entrepreneurs Advice For Overcoming Obstacles in Business,94KT6kW4qQ0,markdown/lazyearn/school-of-hard-knocks/hard-knocks-interviews/127 - Serial Entrepreneurs Advice For Overcoming Obstacles in Business [94KT6kW4qQ0].md,subtitles/lazyearn/school-of-hard-knocks/hard-knocks-interviews/127 - Serial Entrepreneurs Advice For Overcoming Obstacles in Business [94KT6kW4qQ0].srt,generated_course_notes/lazyearn/school-of-hard-knocks/hard-knocks-interviews/chapters/lecture_127,lazyearn/school-of-hard-knocks/hard-knocks-interviews/127 - Serial Entrepreneurs Advice For Overcoming Obstacles in Business [94KT6kW4qQ0].webm,yes,107,36b7e6714e1d3a57ac56edd6486bab4818ed694d99b1af3b76ff70187ad3d9a1,"00:00:26,340",yes,yes,yes,yes,yes,5
128,Commercial Real Estate Brokers Advice To Young People,bFnlLPuGoIM,markdown/lazyearn/school-of-hard-knocks/hard-knocks-interviews/128 - Commercial Real Estate Brokers Advice To Young People [bFnlLPuGoIM].md,subtitles/lazyearn/school-of-hard-knocks/hard-knocks-interviews/128 - Commercial Real Estate Brokers Advice To Young People [bFnlLPuGoIM].srt,generated_course_notes/lazyearn/school-of-hard-knocks/hard-knocks-interviews/chapters/lecture_128,lazyearn/school-of-hard-knocks/hard-knocks-interviews/128 - Commercial Real Estate Brokers Advice To Young People [bFnlLPuGoIM].webm,yes,201,6581df0115df38f890044b01231a418981b0a0c3bb142f65ea19de8a38769fab,"00:00:41,320",yes,yes,yes,yes,yes,5
129,How Can Someone Break Into The Tech Industry？,fEX1Oy51iJs,markdown/lazyearn/school-of-hard-knocks/hard-knocks-interviews/129 - How Can Someone Break Into The Tech Industry？ [fEX1Oy51iJs].md,subtitles/lazyearn/school-of-hard-knocks/hard-knocks-interviews/129 - How Can Someone Break Into The Tech Industry？ [fEX1Oy51iJs].srt,generated_course_notes/lazyearn/school-of-hard-knocks/hard-knocks-interviews/chapters/lecture_129,lazyearn/school-of-hard-knocks/hard-knocks-interviews/129 - How Can Someone Break Into The Tech Industry？ [fEX1Oy51iJs].webm,yes,222,11569459dbb47761cb9f9d29f655ced9a4db6d6dd1bef7072ebebfa222505ec8,"00:00:45,209",yes,yes,yes,yes,yes,7
130,He Made $1 Billion. Does Money Buy Happiness？,48TQYZOgE1s,markdown/lazyearn/school-of-hard-knocks/hard-knocks-interviews/130 - He Made $1 Billion. Does Money Buy Happiness？ [48TQYZOgE1s].md,subtitles/lazyearn/school-of-hard-knocks/hard-knocks-interviews/130 - He Made $1 Billion. Does Money Buy Happiness？ [48TQYZOgE1s].srt,generated_course_notes/lazyearn/school-of-hard-knocks/hard-knocks-interviews/chapters/lecture_130,lazyearn/school-of-hard-knocks/hard-knocks-interviews/130 - He Made $1 Billion. Does Money Buy Happiness？ [48TQYZOgE1s].webm,yes,136,58c6fe78043c0a3507d85fd45110754f755f5eb9e06c1fdc4babbe1b535398e5,"00:00:36,120",yes,yes,yes,yes,yes,5
131,From Summit to Success： Entrepreneur's Billion-Dollar Lesson from 'Into Thin Air,8GgL-uvICKY,markdown/lazyearn/school-of-hard-knocks/hard-knocks-interviews/131 - From Summit to Success： Entrepreneur's Billion-Dollar Lesson from 'Into Thin Air [8GgL-uvICKY].md,subtitles/lazyearn/school-of-hard-knocks/hard-knocks-interviews/131 - From Summit to Success： Entrepreneur's Billion-Dollar Lesson from 'Into Thin Air [8GgL-uvICKY].srt,generated_course_notes/lazyearn/school-of-hard-knocks/hard-knocks-interviews/chapters/lecture_131,lazyearn/school-of-hard-knocks/hard-knocks-interviews/131 - From Summit to Success： Entrepreneur's Billion-Dollar Lesson from 'Into Thin Air [8GgL-uvICKY].webm,yes,417,515ad7f0bb7cb2349835ff8ea5514d0adeec9fd09483afc191effe10137e4753,"00:01:29,559",yes,yes,yes,yes,yes,6
132,"How I Turned $1,000 Into $1 Billion",MQv7Te8VmYI,"markdown/lazyearn/school-of-hard-knocks/hard-knocks-interviews/132 - How I Turned $1,000 Into $1 Billion [MQv7Te8VmYI].md","subtitles/lazyearn/school-of-hard-knocks/hard-knocks-interviews/132 - How I Turned $1,000 Into $1 Billion [MQv7Te8VmYI].srt",generated_course_notes/lazyearn/school-of-hard-knocks/hard-knocks-interviews/chapters/lecture_132,"lazyearn/school-of-hard-knocks/hard-knocks-interviews/132 - How I Turned $1,000 Into $1 Billion [MQv7Te8VmYI].mkv",yes,3836,27d8d6191c9cdd062e24d5a20a0ddbe1767e068bd9595a8aa26102562330a6da,"00:16:34,545",yes,yes,yes,yes,yes,6
133,Life After Selling Your Company For $1 Billion,BT6YGOROV6c,markdown/lazyearn/school-of-hard-knocks/hard-knocks-interviews/133 - Life After Selling Your Company For $1 Billion [BT6YGOROV6c].md,subtitles/lazyearn/school-of-hard-knocks/hard-knocks-interviews/133 - Life After Selling Your Company For $1 Billion [BT6YGOROV6c].srt,generated_course_notes/lazyearn/school-of-hard-knocks/hard-knocks-interviews/chapters/lecture_133,lazyearn/school-of-hard-knocks/hard-knocks-interviews/133 - Life After Selling Your Company For $1 Billion [BT6YGOROV6c].mkv,yes,3703,e8d25a123fff8cbfe8c94acdb13145c9a821f33f7c673ce31fdfe1fd72125475,"00:15:52,940",yes,yes,yes,yes,yes,9
134,10 Questions with a Millionaire： Founder & E-commerce Entrepreneur Robert Miller,TpVlJpiV6U8,markdown/lazyearn/school-of-hard-knocks/hard-knocks-interviews/134 - 10 Questions with a Millionaire： Founder & E-commerce Entrepreneur Robert Miller [TpVlJpiV6U8].md,subtitles/lazyearn/school-of-hard-knocks/hard-knocks-interviews/134 - 10 Questions with a Millionaire： Founder & E-commerce Entrepreneur Robert Miller [TpVlJpiV6U8].srt,generated_course_notes/lazyearn/school-of-hard-knocks/hard-knocks-interviews/chapters/lecture_134,lazyearn/school-of-hard-knocks/hard-knocks-interviews/134 - 10 Questions with a Millionaire： Founder & E-commerce Entrepreneur Robert Miller [TpVlJpiV6U8].mkv,yes,3824,2590eafaac910c3a3fe94f289bdbafda31fe5c05e8699e44b9369e86c9e3034e,"00:14:34,640",yes,yes,yes,yes,yes,4
135,Asking Texan’s Their Best Life Advice (DALLAS!),8M5QEOicQKQ,markdown/lazyearn/school-of-hard-knocks/hard-knocks-interviews/135 - Asking Texan’s Their Best Life Advice (DALLAS!) [8M5QEOicQKQ].md,subtitles/lazyearn/school-of-hard-knocks/hard-knocks-interviews/135 - Asking Texan’s Their Best Life Advice (DALLAS!) [8M5QEOicQKQ].srt,generated_course_notes/lazyearn/school-of-hard-knocks/hard-knocks-interviews/chapters/lecture_135,lazyearn/school-of-hard-knocks/hard-knocks-interviews/135 - Asking Texan’s Their Best Life Advice (DALLAS!) [8M5QEOicQKQ].mkv,yes,1590,74a63fe1e8c756fc1f7e78146002458b4e9460cf84de1be1a135e2d6b005c5b3,"00:06:20,500",yes,yes,yes,yes,yes,5
136,I Asked Texan Millionaires Their Best Financial Decision,Q0cgOMI5gn0,markdown/lazyearn/school-of-hard-knocks/hard-knocks-interviews/136 - I Asked Texan Millionaires Their Best Financial Decision [Q0cgOMI5gn0].md,subtitles/lazyearn/school-of-hard-knocks/hard-knocks-interviews/136 - I Asked Texan Millionaires Their Best Financial Decision [Q0cgOMI5gn0].srt,generated_course_notes/lazyearn/school-of-hard-knocks/hard-knocks-interviews/chapters/lecture_136,lazyearn/school-of-hard-knocks/hard-knocks-interviews/136 - I Asked Texan Millionaires Their Best Financial Decision [Q0cgOMI5gn0].mkv,yes,1734,9f44e73e46714e35b37129172cf7a2c3997f9c3c7b6e12d0213fb0e05ef19bba,"00:07:15,520",yes,yes,yes,yes,yes,8
137,Why You Need To Learn Sales Before You Start A Company,LdMyHHbDdaM,markdown/lazyearn/school-of-hard-knocks/hard-knocks-interviews/137 - Why You Need To Learn Sales Before You Start A Company [LdMyHHbDdaM].md,subtitles/lazyearn/school-of-hard-knocks/hard-knocks-interviews/137 - Why You Need To Learn Sales Before You Start A Company [LdMyHHbDdaM].srt,generated_course_notes/lazyearn/school-of-hard-knocks/hard-knocks-interviews/chapters/lecture_137,lazyearn/school-of-hard-knocks/hard-knocks-interviews/137 - Why You Need To Learn Sales Before You Start A Company [LdMyHHbDdaM].webm,yes,157,e043e06b5c4b11f5825e96e4b61136b525f8b5b31ab82c104f376eafa6d76290,"00:00:44,880",yes,yes,yes,yes,yes,4
138,10 Questions with a Real Estate Millionaire： Tips for Building Wealth and Success,cttsP_8MjEo,markdown/lazyearn/school-of-hard-knocks/hard-knocks-interviews/138 - 10 Questions with a Real Estate Millionaire： Tips for Building Wealth and Success [cttsP_8MjEo].md,subtitles/lazyearn/school-of-hard-knocks/hard-knocks-interviews/138 - 10 Questions with a Real Estate Millionaire： Tips for Building Wealth and Success [cttsP_8MjEo].srt,generated_course_notes/lazyearn/school-of-hard-knocks/hard-knocks-interviews/chapters/lecture_138,lazyearn/school-of-hard-knocks/hard-knocks-interviews/138 - 10 Questions with a Real Estate Millionaire： Tips for Building Wealth and Success [cttsP_8MjEo].mkv,yes,3003,91bf73cb2ef9526ec6554a8509664af5cf71a44dddeb38dfd72837bb3184b8fd,"00:13:49,580",yes,yes,yes,yes,yes,5
139,Asking Millionaires What They Are Investing in,67T9EMIvOlA,markdown/lazyearn/school-of-hard-knocks/hard-knocks-interviews/139 - Asking Millionaires What They Are Investing in [67T9EMIvOlA].md,subtitles/lazyearn/school-of-hard-knocks/hard-knocks-interviews/139 - Asking Millionaires What They Are Investing in [67T9EMIvOlA].srt,generated_course_notes/lazyearn/school-of-hard-knocks/hard-knocks-interviews/chapters/lecture_139,lazyearn/school-of-hard-knocks/hard-knocks-interviews/139 - Asking Millionaires What They Are Investing in [67T9EMIvOlA].mkv,yes,1799,411b982913e12e8aff11759a37f3612fa2a33b150f692e0a8bb8fd41232543ff,"00:08:31,099",yes,yes,yes,yes,yes,8
140,These Millionaires Gave Us Life Changing Advice...,jR6g__ogNkc,markdown/lazyearn/school-of-hard-knocks/hard-knocks-interviews/140 - These Millionaires Gave Us Life Changing Advice... [jR6g__ogNkc].md,subtitles/lazyearn/school-of-hard-knocks/hard-knocks-interviews/140 - These Millionaires Gave Us Life Changing Advice... [jR6g__ogNkc].srt,generated_course_notes/lazyearn/school-of-hard-knocks/hard-knocks-interviews/chapters/lecture_140,lazyearn/school-of-hard-knocks/hard-knocks-interviews/140 - These Millionaires Gave Us Life Changing Advice... [jR6g__ogNkc].webm,yes,2545,b8a5c0f5e5d4002be5012b0029a4d84874b694efaaa0bd6b6c3e959a1c3ee9a8,"00:12:00,720",yes,yes,yes,yes,yes,5
