decision_id,primary_home,implementation,acceptance_test
curriculum_disagreement_audit#1,global-architecture,Retain five parts and twenty-three chapters,TeX includes exactly five parts and twenty-three numbered chapters
curriculum_disagreement_audit#2,ch05;ch06;ch09;ch11;ch12;ch14,Open one strategy-choice record in ch05 and update changed fields later,One full record exists and later chapters do not duplicate it
curriculum_disagreement_audit#3,ch05;ch07;ch09,Define position by buyer alternative change and proof,No first-mover or mind-manipulation rule remains
curriculum_disagreement_audit#4,ch07;ch08,Fold decision evidence step terms and consent into one exchange record,The record replaces rather than duplicates the sales review
curriculum_disagreement_audit#5,ch09;ch10;ch11;ch12;ch16,Use one attention-to-cash operating flow and reconcile its numbers,Every node names its constraint and waiting-time bearer
curriculum_disagreement_audit#6,ch18,State a broad low-cost default and the burden for concentration,No product allocation or return promise appears
curriculum_disagreement_audit#7,ch04;ch12;ch19;ch21,Test present output against future capability without asset language for people,Each recurrence changes the decision and remains brief
curriculum_disagreement_audit#8,global-wealth-notebook,Consolidate exercises into five linked living records,Every chapter updates a record and duplicate fields are removed
curriculum_disagreement_audit#9,ch15;ch21;ch22;ch23,Distribute the family compact across ownership cost freedom and stewardship,No standalone estate-planning checklist is added
curriculum_disagreement_audit#10,source-notes;acknowledgements,Trace distinctive outside mechanisms while keeping interviews visible,Notes name actual influences and prose avoids authority decoration
curriculum_disagreement_audit#11,global-source-audit,Preserve every accepted transcript use qualification and rejection,Deterministic source audit remains complete
curriculum_disagreement_audit#12,global-architecture,Require placement recurring-case practical-record transition and validation mappings,Architecture validators report no unplaced decision
problem_01_rich_and_enough#1,ch01;ch22;ch23,Keep Boyd and conflicting testimony central to the rich-to-enough arc,Boyd recurs only when scarcity freedom or enough changes meaning
problem_01_rich_and_enough#2,global-architecture,Retain the triad inside the five-part structure,No detached philosophy chapter appears
problem_01_rich_and_enough#3,ch01;ch23,Open and revise a compact enough audit,The final audit visibly revises the first
problem_01_rich_and_enough#4,ch21,Protect needed irreplaceable goods from ruin for optional gain,Cost review names necessity substitutability and ruin
problem_01_rich_and_enough#5,source-notes,Add chapter-specific source notes for distinctive mechanisms,Every imported mechanism has a traceable note
problem_01_rich_and_enough#6,exclusion-audit,Exclude imported wealth-book and party anecdotes,Named excluded anecdotes do not appear in manuscript text
problem_02_customer_evidence#1,global-architecture;ch05-ch08,Strengthen the existing customer sequence without a startup-method chapter,Part II retains four evidence-linked chapters plus distribution
problem_02_customer_evidence#2,ch05;ch06;ch07;ch08,Keep Abraham Meroff Hill and interview cases as the human spine,Imported startup anecdotes do not displace openings or case flow
problem_02_customer_evidence#3,ch06;ch08;ch11;ch12,Use one evidence ladder from conversation through viable delivery,Each recurrence advances the evidentiary claim
problem_02_customer_evidence#4,ch08,State that one sale validates only the reproduced exchange,The sentence appears beside the sale evidence claim
problem_02_customer_evidence#5,ch06;wealth-notebook-value,Integrate an unbranded experiment contract,Fields include claim test boundary observation and disconfirmation
problem_02_customer_evidence#6,ch05;ch06;ch07;ch08,Label user payer approver champion retailer and regulator by actual decision,No role is allowed to validate another role's decision
problem_02_customer_evidence#7,ch08-to-ch12-transition,Defer scale margin cash and durability until later evidence,Part II does not call an early sale a scalable business
problem_03_growth_and_cash#1,global-architecture;ch08-ch12,Strengthen the exchange-to-system bridge without a new finance part,Part transition remains continuous
problem_03_growth_and_cash#2,ch12,Retain the labor-force contract as the opening contradiction,Opening preserves simultaneous demand and insolvency risk
problem_03_growth_and_cash#3,ch08;ch09;ch10;ch11;ch12,Use six coupled tests as the exchange becomes a system,Full list appears once and recurrences are selective
problem_03_growth_and_cash#4,ch11;ch12,Keep purchase-order staged-growth and Boyd cases as distinct counterweights,Cases carry capacity pacing and expense roles without biography repetition
problem_03_growth_and_cash#5,ch12,Keep weekly cash calendar and peak-carry equations after stock-versus-flow distinction,Equations compile and terms are defined before use
problem_03_growth_and_cash#6,ch11;ch12;wealth-notebook-ownership,Integrate growth permission with absence and carry tests,One linked record covers demand capacity cash duties and stop
problem_03_growth_and_cash#7,ch05;ch11;ch12;source-notes,Use operating completeness and coherent-choice mechanisms invisibly,No imported corporate anecdote or literature-review passage appears
problem_03_growth_and_cash#8,ch12;ch13,Keep quality safety fair work privacy maintenance and repair as real duties,Duties remain in cost and capacity decisions even without attributed revenue
problem_03_growth_and_cash#9,ch12-to-ch14-transition,Defer the financing-and-control choice to the capital-fit decision,Timing-gap prose does not prescribe one carrier of capital
problem_04_ownership_and_control#1,global-architecture;ch10;ch14;ch15,Keep ownership as a progression rather than another part,Chapter transitions preserve claim-to-control-to-transfer sequence
problem_04_ownership_and_control#2,ch10,Retain the surgeon opening and separate five ownership dimensions,Opening distinguishes compensation residual control liquidity and duty
problem_04_ownership_and_control#3,ch10;ch14;wealth-notebook-ownership,Merge the six-part rights ledger with legal economics and control ledgers,One coherent ledger replaces duplicate taxonomies
problem_04_ownership_and_control#4,ch14,Retain Russ and precise music-right distinctions while correcting shorthand,Master is not equated with the song and rights remain distinct
problem_04_ownership_and_control#5,ch12;ch14,Hold bootstrap control and bank capital as a real cash-cycle contradiction,Neither case is declared universally superior
problem_04_ownership_and_control#6,ch12;ch14;wealth-notebook-ownership,Use one capital-fit record across timing rights and control,Full record appears once with chapter-specific updates
problem_04_ownership_and_control#7,ch10;ch13;ch14;ch15;ch20,Preserve ownership control partner worker entity acquisition and duty boundaries,Existing protections survive chapter revision
problem_04_ownership_and_control#8,ch10;ch14;ch18,Integrate knowledge ownership leverage and time control without slogans,No labor hierarchy or borrowed named-success story appears
problem_04_ownership_and_control#9,ch04;ch18;ch21;exclusion-audit,Replace no-Plan-B doctrine with bounded attention and protected floors,No all-in rule exposes irreplaceable goods
problem_04_ownership_and_control#10,ch18,Keep concentration diversification debt capacity and ruin in capital risk,Earlier ownership chapters do not give portfolio advice
problem_05_company_as_people#1,ch13,Retain the chapter and its human architecture,Chapter continues to reject people-as-leverage language
problem_05_company_as_people#2,ch11;ch13,Keep the five-company opening and use O'Neal only for physical absence,No unsupported holdings arithmetic appears
problem_05_company_as_people#3,ch13;wealth-notebook-ownership,Fold bounded responsibility into the governance charter and show one delegation,No second long checklist is added
problem_05_company_as_people#4,ch11,Use expected-work and unexpected-condition absence tests,Documentation includes invariant reason interface and exception path
problem_05_company_as_people#5,ch13,Keep staged Austin trust and sober safety-system failure,Sensitive history and unsupported partnership statistics are absent
problem_05_company_as_people#6,ch13,Preserve decision ownership expiring emergency authority crisis truth and leader support,All four mechanisms remain in checked prose
problem_05_company_as_people#7,ch13;ch20,Separate durable shareholder return from automatic primacy,Decision analysis traces all materially exposed groups
problem_05_company_as_people#8,ch11;ch13,Use contribution time disagreement outcome dependency and customer-contact mechanisms,No imported team-size slogan or technology recipe appears
problem_05_company_as_people#9,source-notes;exclusion-audit,Use classical trust-and-institution mechanisms without hierarchy or ornament,No ancient quotation or coercive premise appears in narrative
problem_05_company_as_people#10,ch13-to-ch15-transition,Let distributed judgment become the object tested by succession,Chapter 15 tests records trust authority and leadership transfer
problem_06_survival_before_return#1,global-architecture;ch16;ch17;ch18;ch19,Retain claim debt compounding and interruption progression,Part IV order and transitions remain intact
problem_06_survival_before_return#2,ch18;wealth-notebook-capital,Make capacity willingness and necessity govern four capital roles,Terms appear once and later records refer back
problem_06_survival_before_return#3,ch16;ch18,Pair all-in property with concentrated-stock loss and margin call,Cases are attributed and promotion sensitive detail and triumphalism are absent
problem_06_survival_before_return#4,ch18,Retain the dentist opening and distinguish expected paths from the path received,No thermodynamic term or equation appears in reader prose
problem_06_survival_before_return#5,ch18;wealth-notebook-capital,Add human-capital guarantee currency correlation and forced-sale fields,No named fund fixed allocation savings rate or withdrawal rule appears
problem_06_survival_before_return#6,ch17,Make debt duration match cash collateral maturity and guarantees,Chapter 18 does not repeat property underwriting
problem_06_survival_before_return#7,ch19;wealth-notebook-capital,Preserve four reserve roles without treating credit as cash,Long-horizon capital and assigned reserves remain separate
problem_06_survival_before_return#8,ch18;source-notes,Use margin cost selection and survival behavior mechanisms without imported anecdotes,No slogan named product or country-specific rule is prescribed
problem_06_survival_before_return#9,current-claims-audit;ch17-ch20,Require current primary sources for regulated financial claims,Every precise current claim has date jurisdiction and primary citation
problem_06_survival_before_return#10,ch20-to-ch21-transition,Move insurance and legal containment into nonfinancial human loss,Transition states that human goods are not financial units
problem_07_who_bears_the_residual_loss#1,ch20,Retain tax contrast without hacks or grandstanding,Opening keeps claims attributed and incomplete
problem_07_who_bears_the_residual_loss#2,ch20,Separate legal permissibility economic soundness and ethical legitimacy,All three tests appear and none substitutes for another
problem_07_who_bears_the_residual_loss#3,ch20;current-claims-audit,Preserve arithmetic records entity contract adviser and insurance tools with verification,Every current tax statement passes primary-source review
problem_07_who_bears_the_residual_loss#4,ch20,Keep Dennis examples attributed and remove unstable shorthand,No stale threshold rate or product instruction appears
problem_07_who_bears_the_residual_loss#5,ch20;ch23,Hold Harpin and UAE cases as civic contrasts without hero or villain framing,Tax due policy contribution and ethics remain distinct
problem_07_who_bears_the_residual_loss#6,ch20;wealth-notebook-capital,Integrate refuse prevent retain transfer and contain into the risk shell,Consent stop bearer capital and repair fields are present once
problem_07_who_bears_the_residual_loss#7,ch20,Use insurance testimony to separate need mechanics and seller incentive,No term-versus-permanent recommendation appears
problem_07_who_bears_the_residual_loss#8,ch20;figure-ledger,Cross-reference the Austin prevention failure without spectacle or image,No duplicate incident narrative or figure is published
problem_07_who_bears_the_residual_loss#9,ch20;source-notes,Use consequence rights fair-start and impartial-cost reasoning invisibly,No philosopher parade historic figure or policy detour appears
problem_07_who_bears_the_residual_loss#10,ch20-to-ch21-transition,Pass health time trust dignity and meaning to the human-cost chapter,Transition states that money transfer cannot fully repair them
problem_08_what_ambition_may_not_consume#1,ch21,Retain AK opening and its causal disclaimer,The cancer story is not attributed to ambition
problem_08_what_ambition_may_not_consume#2,ch21,Distinguish reversible irreversible non-substitutable and path-dependent cost,Prose still recognizes money-funded care repair and restitution
problem_08_what_ambition_may_not_consume#3,ch21,Keep Brady beside mentorship recovery body care integrity and accountability,Injury and loser-for-life claims are excluded
problem_08_what_ambition_may_not_consume#4,ch21,Keep Terry's bounded segments and smallest reasonable step,Diet breathwork panic stimulation and coaching health claims are excluded
problem_08_what_ambition_may_not_consume#5,ch21,State that meaning cannot justify avoidable harm,Removal and prevention precede endurance
problem_08_what_ambition_may_not_consume#6,ch21,Keep White's creditor accountability and small-promises practice,Diagnosis celebrity analysis medication binaries and broad trauma causes are excluded
problem_08_what_ambition_may_not_consume#7,ch21,Use Washington as purpose-and-governance contrast with attribution,Business success is not treated as proof of public virtue or policy
problem_08_what_ambition_may_not_consume#8,ch21,Keep relationship judgment while rejecting the poverty diagnosis,Structure institutions health care and luck remain visible
problem_08_what_ambition_may_not_consume#9,ch21,Use the ribbon as finite-time device with population caveat,Quality time is not allowed to replace quantity as a general rule
problem_08_what_ambition_may_not_consume#10,ch21;source-notes,Use Frankl Zhuangzi and Tolstoy as invisible structure,No quote atrocity analogy synopsis forced philosophy or physics metaphor appears
problem_08_what_ambition_may_not_consume#11,ch21;current-health-audit,Use current WHO guidance with NIMH and SAMHSA boundaries,Health passage is concise global nonclinical and currently sourced
problem_08_what_ambition_may_not_consume#12,ch21;wealth-notebook-cost,Extend the existing cost review with season renewal floor and stop authority,No second giant checklist appears
problem_08_what_ambition_may_not_consume#13,ch21;ch22;ch23,Move from protected goods to positive freedom and enough,Three chapter transitions ask distinct successive questions
problem_08_what_ambition_may_not_consume#14,figure-ledger,Publish no new figure for this problem card,Only independently useful verified frames remain
problem_09_what_should_wealth_pass_on#1,ch15,Separate continuity succession transfer sale kinship ownership employment and authority,All eight concepts remain distinct in prose and notebook
problem_09_what_should_wealth_pass_on#2,ch15,Use willing capability rather than blood as succession test,Text permits refusal and qualified nonfamily stewardship
problem_09_what_should_wealth_pass_on#3,ch15,Use TJ only for seller succession,Product financing portals and recession-proof claims are excluded
problem_09_what_should_wealth_pass_on#4,ch15;ch20;current-claims-audit,Use Lorenzo to open a planning question rather than provide trust instructions,No trust tax distribution or beneficiary design is prescribed
problem_09_what_should_wealth_pass_on#5,ch15;ch23,Hold material provision and cultivated capacity as complements,Tebow remains attributed and neither side is reduced to a slogan
problem_09_what_should_wealth_pass_on#6,ch22;ch23,Use the post-exit couple with spouse child sale and belief autonomy,One marriage is not treated as a model
problem_09_what_should_wealth_pass_on#7,ch18;ch23,Use Winston's partition and horizon as athlete-specific testimony,Salary spectacle and never-quit family rule are absent
problem_09_what_should_wealth_pass_on#8,ch03;ch23,Keep great-grandchild horizon and overspending mechanism,Employment absolutes gendered props unaudited figures and contempt are excluded
problem_09_what_should_wealth_pass_on#9,ch04;ch21;ch22;ch23,Use Kessner's home and time to preserve nonfinancial value,His family form and preferences are not prescribed
problem_09_what_should_wealth_pass_on#10,ch04;ch21;ch23,Use marriage accounts only for aligned-life testimony,Household design includes care agency safety and exit
problem_09_what_should_wealth_pass_on#11,ch15;ch21;ch22;ch23;source-notes,Use four literary and Chinese works as invisible diagnostic architecture,No synopsis quote name ornament or empirical corroboration appears
problem_09_what_should_wealth_pass_on#12,ch15;ch23;wealth-notebook-stewardship,Fold family compact fields into transferability and enough records,No third complete checklist is added
problem_09_what_should_wealth_pass_on#13,ch15;ch21;ch22;ch23,Assign business succession family cost plural lives and intergenerational enough to distinct chapters,Transitions are revised as one continuous arc
problem_09_what_should_wealth_pass_on#14,figure-ledger,Publish no new figure for this problem card,Generic portraits status settings and decorative literature images remain excluded
