youtube_id,family_size,record_ids,series,titles
0I0EPRu3DJ0,3,school-of-hard-knocks/10-questions-with-a-millionaire/005-0I0EPRu3DJ0;school-of-hard-knocks/entrepreneurship/056-0I0EPRu3DJ0;school-of-hard-knocks/hard-knocks-interviews/057-0I0EPRu3DJ0,school-of-hard-knocks/10-questions-with-a-millionaire;school-of-hard-knocks/entrepreneurship;school-of-hard-knocks/hard-knocks-interviews,Young Entrepreneur Interviews SHAQ;Young Entrepreneur Interviews SHAQ;Young Entrepreneur Interviews SHAQ
1m7ERHu13sc,2,school-of-hard-knocks/entrepreneurship/146-1m7ERHu13sc;school-of-hard-knocks/hard-knocks-interviews/113-1m7ERHu13sc,school-of-hard-knocks/entrepreneurship;school-of-hard-knocks/hard-knocks-interviews,"Asking Strangers How Much MONEY They Make (Austin, Texas);Asking Strangers How Much MONEY They Make (Austin, Texas)"
22CjsRG0sTc,3,school-of-hard-knocks/10-questions-with-a-millionaire/004-22CjsRG0sTc;school-of-hard-knocks/entrepreneurship/055-22CjsRG0sTc;school-of-hard-knocks/hard-knocks-interviews/056-22CjsRG0sTc,school-of-hard-knocks/10-questions-with-a-millionaire;school-of-hard-knocks/entrepreneurship;school-of-hard-knocks/hard-knocks-interviews,He Made $7M∕Year And Paid Zero Taxes!;He Made $7M∕Year And Paid Zero Taxes!;He Made $7M⧸Year And Paid Zero Taxes!
2Q2JgVDvHV0,2,school-of-hard-knocks/entrepreneurship/021-2Q2JgVDvHV0;school-of-hard-knocks/hard-knocks-interviews/022-2Q2JgVDvHV0,school-of-hard-knocks/entrepreneurship;school-of-hard-knocks/hard-knocks-interviews,Asking Billionaire Women How They Got RICH!;Asking Billionaire Women How They Got RICH!
2tRPK9s4p5k,2,school-of-hard-knocks/entrepreneurship/078-2tRPK9s4p5k;school-of-hard-knocks/hard-knocks-interviews/079-2tRPK9s4p5k,school-of-hard-knocks/entrepreneurship;school-of-hard-knocks/hard-knocks-interviews,Asking Atlanta Millionaires How They Got RICH!;Asking Atlanta Millionaires How They Got RICH!
3G79t-mcgJ8,2,school-of-hard-knocks/entrepreneurship/147-3G79t-mcgJ8;school-of-hard-knocks/hard-knocks-interviews/114-3G79t-mcgJ8,school-of-hard-knocks/entrepreneurship;school-of-hard-knocks/hard-knocks-interviews,Asking A Tech Millionaire How To Start & Scale a Tech Company;Asking A Tech Millionaire How To Start & Scale a Tech Company
3K43YBxUp0I,3,school-of-hard-knocks/10-questions-with-a-millionaire/009-3K43YBxUp0I;school-of-hard-knocks/entrepreneurship/097-3K43YBxUp0I;school-of-hard-knocks/hard-knocks-interviews/099-3K43YBxUp0I,school-of-hard-knocks/10-questions-with-a-millionaire;school-of-hard-knocks/entrepreneurship;school-of-hard-knocks/hard-knocks-interviews,Meet The Most Interesting Man On The Planet;Meet The Most Interesting Man On The Planet;Meet The Most Interesting Man On The Planet
3aG9DVb6vBs,2,school-of-hard-knocks/entrepreneurship/152-3aG9DVb6vBs;school-of-hard-knocks/hard-knocks-interviews/119-3aG9DVb6vBs,school-of-hard-knocks/entrepreneurship;school-of-hard-knocks/hard-knocks-interviews,How to Make $2 Million in Commercial Real Estate;How to Make $2 Million in Commercial Real Estate
4fOaAGCuuJU,2,school-of-hard-knocks/entrepreneurship/038-4fOaAGCuuJU;school-of-hard-knocks/hard-knocks-interviews/039-4fOaAGCuuJU,school-of-hard-knocks/entrepreneurship;school-of-hard-knocks/hard-knocks-interviews,I Had $78... Now I’m Worth $100 Million;I Had $78... Now I’m Worth $100 Million
4uFVDpGTHPQ,2,school-of-hard-knocks/entrepreneurship/001-4uFVDpGTHPQ;school-of-hard-knocks/hard-knocks-interviews/001-4uFVDpGTHPQ,school-of-hard-knocks/entrepreneurship;school-of-hard-knocks/hard-knocks-interviews,Asking Billionaires If They Pay Taxes!;Asking Billionaires If They Pay Taxes!
5E-lydM23gU,2,school-of-hard-knocks/entrepreneurship/050-5E-lydM23gU;school-of-hard-knocks/hard-knocks-interviews/051-5E-lydM23gU,school-of-hard-knocks/entrepreneurship;school-of-hard-knocks/hard-knocks-interviews,Asking Women Billionaires How They Got Rich!;Asking Women Billionaires How They Got Rich!
6WweLDK6oiY,2,school-of-hard-knocks/entrepreneurship/081-6WweLDK6oiY;school-of-hard-knocks/hard-knocks-interviews/082-6WweLDK6oiY,school-of-hard-knocks/entrepreneurship;school-of-hard-knocks/hard-knocks-interviews,I Asked Californian Millionaires How Much Money They LOST;I Asked Californian Millionaires How Much Money They LOST
6lmwLam3f4k,2,school-of-hard-knocks/entrepreneurship/073-6lmwLam3f4k;school-of-hard-knocks/hard-knocks-interviews/074-6lmwLam3f4k,school-of-hard-knocks/entrepreneurship;school-of-hard-knocks/hard-knocks-interviews,Young Entrepreneur Interviews Millionaire Justin Waller;Young Entrepreneur Interviews Millionaire Justin Waller
7Cxfg0N_MUw,3,school-of-hard-knocks/10-questions-with-a-millionaire/011-7Cxfg0N_MUw;school-of-hard-knocks/entrepreneurship/102-7Cxfg0N_MUw;school-of-hard-knocks/hard-knocks-interviews/104-7Cxfg0N_MUw,school-of-hard-knocks/10-questions-with-a-millionaire;school-of-hard-knocks/entrepreneurship;school-of-hard-knocks/hard-knocks-interviews,From $0 To $12M A Year At 26Years Old. Here’s How;From $0 To $12M A Year At 26Years Old. Here’s How;From $0 To $12M A Year At 26Years Old. Here’s How
7Yx6-8nMbkc,2,school-of-hard-knocks/entrepreneurship/034-7Yx6-8nMbkc;school-of-hard-knocks/hard-knocks-interviews/035-7Yx6-8nMbkc,school-of-hard-knocks/entrepreneurship;school-of-hard-knocks/hard-knocks-interviews,Asking Millionaire Homeowners How They Got Rich;Asking Millionaire Homeowners How They Got Rich
7i0D5OMZzw0,2,school-of-hard-knocks/entrepreneurship/024-7i0D5OMZzw0;school-of-hard-knocks/hard-knocks-interviews/025-7i0D5OMZzw0,school-of-hard-knocks/entrepreneurship;school-of-hard-knocks/hard-knocks-interviews,I Investigated the $1 Trillion Industry Nobody Talks About;I Investigated the $1 Trillion Industry Nobody Talks About
8wU_31Wamcw,2,school-of-hard-knocks/entrepreneurship/044-8wU_31Wamcw;school-of-hard-knocks/hard-knocks-interviews/045-8wU_31Wamcw,school-of-hard-knocks/entrepreneurship;school-of-hard-knocks/hard-knocks-interviews,I Asked Miami’s Millionaire Elite How They Got Rich;I Asked Miami’s Millionaire Elite How They Got Rich
90A-xjDipk4,2,school-of-hard-knocks/entrepreneurship/074-90A-xjDipk4;school-of-hard-knocks/hard-knocks-interviews/075-90A-xjDipk4,school-of-hard-knocks/entrepreneurship;school-of-hard-knocks/hard-knocks-interviews,Asking Salt Lake City Millionaires How They Got RICH!;Asking Salt Lake City Millionaires How They Got RICH!
9FZ7chhIfUM,2,school-of-hard-knocks/entrepreneurship/077-9FZ7chhIfUM;school-of-hard-knocks/hard-knocks-interviews/078-9FZ7chhIfUM,school-of-hard-knocks/entrepreneurship;school-of-hard-knocks/hard-knocks-interviews,Asking Millionaire Golfers How They Got RICH!;Asking Millionaire Golfers How They Got RICH!
9QTBl0R_cs8,2,school-of-hard-knocks/entrepreneurship/032-9QTBl0R_cs8;school-of-hard-knocks/hard-knocks-interviews/033-9QTBl0R_cs8,school-of-hard-knocks/entrepreneurship;school-of-hard-knocks/hard-knocks-interviews,I Asked Robert Herjavec How He Made $500 Million;I Asked Robert Herjavec How He Made $500 Million
9YldQVM4u-I,3,school-of-hard-knocks/10-questions-with-a-millionaire/002-9YldQVM4u-I;school-of-hard-knocks/entrepreneurship/041-9YldQVM4u-I;school-of-hard-knocks/hard-knocks-interviews/042-9YldQVM4u-I,school-of-hard-knocks/10-questions-with-a-millionaire;school-of-hard-knocks/entrepreneurship;school-of-hard-knocks/hard-knocks-interviews,How I Turned –$20 Million Into $3.3 Billion;How I Turned –$20 Million Into $3.3 Billion;How I Turned –$20 Million Into $3.3 Billion
9aBfrKtWJc8,2,school-of-hard-knocks/entrepreneurship/071-9aBfrKtWJc8;school-of-hard-knocks/hard-knocks-interviews/072-9aBfrKtWJc8,school-of-hard-knocks/entrepreneurship;school-of-hard-knocks/hard-knocks-interviews,I Was Bankrupt… Now I’ve Made $3 Billion;I Was Bankrupt… Now I’ve Made $3 Billion
9iWLPlPFdBY,2,school-of-hard-knocks/entrepreneurship/035-9iWLPlPFdBY;school-of-hard-knocks/hard-knocks-interviews/036-9iWLPlPFdBY,school-of-hard-knocks/entrepreneurship;school-of-hard-knocks/hard-knocks-interviews,I Asked Will Smith How He Made $350 Million;I Asked Will Smith How He Made $350 Million
AATw4YRFSw8,2,school-of-hard-knocks/entrepreneurship/016-AATw4YRFSw8;school-of-hard-knocks/hard-knocks-interviews/017-AATw4YRFSw8,school-of-hard-knocks/entrepreneurship;school-of-hard-knocks/hard-knocks-interviews,Asking Wall Street Moguls How They Got Rich!;Asking Wall Street Moguls How They Got Rich!
AUaEd3_JbP8,2,school-of-hard-knocks/entrepreneurship/007-AUaEd3_JbP8;school-of-hard-knocks/hard-knocks-interviews/008-AUaEd3_JbP8,school-of-hard-knocks/entrepreneurship;school-of-hard-knocks/hard-knocks-interviews,Asking Wealthy Americans How They Got Rich! (Palm Beach);Asking Wealthy Americans How They Got Rich! (Palm Beach)
AvKXrCCUEMI,2,school-of-hard-knocks/10-questions-with-a-millionaire/020-AvKXrCCUEMI;school-of-hard-knocks/entrepreneurship/170-AvKXrCCUEMI,school-of-hard-knocks/10-questions-with-a-millionaire;school-of-hard-knocks/entrepreneurship,10 Questions with a Millionaire： Founder & Investor Grant Mitt;10 Questions with a Millionaire: Founder & Investor Grant Mitt
BP548td2dds,2,school-of-hard-knocks/entrepreneurship/099-BP548td2dds;school-of-hard-knocks/hard-knocks-interviews/101-BP548td2dds,school-of-hard-knocks/entrepreneurship;school-of-hard-knocks/hard-knocks-interviews,Asking Millionaires How They Got RICH! (Miami);Asking Millionaires How They Got RICH! (Miami)
BT6YGOROV6c,2,school-of-hard-knocks/entrepreneurship/162-BT6YGOROV6c;school-of-hard-knocks/hard-knocks-interviews/133-BT6YGOROV6c,school-of-hard-knocks/entrepreneurship;school-of-hard-knocks/hard-knocks-interviews,Life After Selling Your Company For $1 Billion;Life After Selling Your Company For $1 Billion
BaxpJArMn9Y,2,school-of-hard-knocks/entrepreneurship/088-BaxpJArMn9Y;school-of-hard-knocks/hard-knocks-interviews/089-BaxpJArMn9Y,school-of-hard-knocks/entrepreneurship;school-of-hard-knocks/hard-knocks-interviews,Asking Miami Millionaires How to Get RICH!;Asking Miami Millionaires How to Get RICH!
C2lgZOIPp8c,2,school-of-hard-knocks/entrepreneurship/145-C2lgZOIPp8c;school-of-hard-knocks/hard-knocks-interviews/112-C2lgZOIPp8c,school-of-hard-knocks/entrepreneurship;school-of-hard-knocks/hard-knocks-interviews,Asking Orlando Millionaires How They Got Rich;Asking Orlando Millionaires How They Got Rich
D0utmFm1l0o,2,school-of-hard-knocks/entrepreneurship/064-D0utmFm1l0o;school-of-hard-knocks/hard-knocks-interviews/065-D0utmFm1l0o,school-of-hard-knocks/entrepreneurship;school-of-hard-knocks/hard-knocks-interviews,Asking Las Vegas Millionaires How They Got Rich!;Asking Las Vegas Millionaires How They Got Rich!
DmDeNuTUetE,2,school-of-hard-knocks/entrepreneurship/008-DmDeNuTUetE;school-of-hard-knocks/hard-knocks-interviews/009-DmDeNuTUetE,school-of-hard-knocks/entrepreneurship;school-of-hard-knocks/hard-knocks-interviews,Asking NY Billionaires How They Got Rich!;Asking NY Billionaires How They Got Rich!
DwrRvp_qsRk,2,school-of-hard-knocks/entrepreneurship/043-DwrRvp_qsRk;school-of-hard-knocks/hard-knocks-interviews/044-DwrRvp_qsRk,school-of-hard-knocks/entrepreneurship;school-of-hard-knocks/hard-knocks-interviews,He Made $500 Million Playing Real Life Monopoly;He Made $500 Million Playing Real Life Monopoly
EF6-Ed2H2cE,3,school-of-hard-knocks/10-questions-with-a-millionaire/001-EF6-Ed2H2cE;school-of-hard-knocks/entrepreneurship/033-EF6-Ed2H2cE;school-of-hard-knocks/hard-knocks-interviews/034-EF6-Ed2H2cE,school-of-hard-knocks/10-questions-with-a-millionaire;school-of-hard-knocks/entrepreneurship;school-of-hard-knocks/hard-knocks-interviews,"Asking A Billionaire Lawyer How To Make $1,000,000!;Asking A Billionaire Lawyer How To Make $1,000,000!;Asking A Billionaire Lawyer How To Make $1,000,000!"
E_9nX5ReMcY,2,school-of-hard-knocks/entrepreneurship/009-E_9nX5ReMcY;school-of-hard-knocks/hard-knocks-interviews/010-E_9nX5ReMcY,school-of-hard-knocks/entrepreneurship;school-of-hard-knocks/hard-knocks-interviews,Asking Mega Mansion Owners How They Got Rich!;Asking Mega Mansion Owners How They Got Rich!
FLgy1LvYTDI,2,school-of-hard-knocks/entrepreneurship/104-FLgy1LvYTDI;school-of-hard-knocks/hard-knocks-interviews/106-FLgy1LvYTDI,school-of-hard-knocks/entrepreneurship;school-of-hard-knocks/hard-knocks-interviews,Asking Millionaires How They Got RICH! (Houston);Asking Millionaires How They Got RICH! (Houston)
GCXhTFKVHkg,2,school-of-hard-knocks/entrepreneurship/045-GCXhTFKVHkg;school-of-hard-knocks/hard-knocks-interviews/046-GCXhTFKVHkg,school-of-hard-knocks/entrepreneurship;school-of-hard-knocks/hard-knocks-interviews,I Was Broke.. Found God.. Now I Make $15M∕Year;I Was Broke.. Found God.. Now I Make $15M⧸Year
G_GZbtj0uP8,2,school-of-hard-knocks/entrepreneurship/061-G_GZbtj0uP8;school-of-hard-knocks/hard-knocks-interviews/062-G_GZbtj0uP8,school-of-hard-knocks/entrepreneurship;school-of-hard-knocks/hard-knocks-interviews,Asking San Francisco Millionaires How They Got Rich!;Asking San Francisco Millionaires How They Got Rich!
H1Dt1Pz-B4g,2,school-of-hard-knocks/entrepreneurship/103-H1Dt1Pz-B4g;school-of-hard-knocks/hard-knocks-interviews/105-H1Dt1Pz-B4g,school-of-hard-knocks/entrepreneurship;school-of-hard-knocks/hard-knocks-interviews,Asking Millionaire Homeowners How They Got Rich;Asking Millionaire Homeowners How They Got Rich
HEgFl6N2u4M,2,school-of-hard-knocks/entrepreneurship/062-HEgFl6N2u4M;school-of-hard-knocks/hard-knocks-interviews/063-HEgFl6N2u4M,school-of-hard-knocks/entrepreneurship;school-of-hard-knocks/hard-knocks-interviews,Asking Houston Moguls How They Got Rich!;Asking Houston Moguls How They Got Rich!
IUIG4YG0T-Q,2,school-of-hard-knocks/entrepreneurship/066-IUIG4YG0T-Q;school-of-hard-knocks/hard-knocks-interviews/067-IUIG4YG0T-Q,school-of-hard-knocks/entrepreneurship;school-of-hard-knocks/hard-knocks-interviews,Asking Billionaires How They Got Rich! (Houston);Asking Billionaires How They Got Rich! (Houston)
Iw7huxwfHRM,2,school-of-hard-knocks/entrepreneurship/153-Iw7huxwfHRM;school-of-hard-knocks/hard-knocks-interviews/120-Iw7huxwfHRM,school-of-hard-knocks/entrepreneurship;school-of-hard-knocks/hard-knocks-interviews,Asking Entrepreneurs How They Got RICH! (San Antonio);Asking Entrepreneurs How They Got RICH! (San Antonio)
JKkwS6FT7wY,2,school-of-hard-knocks/entrepreneurship/059-JKkwS6FT7wY;school-of-hard-knocks/hard-knocks-interviews/060-JKkwS6FT7wY,school-of-hard-knocks/entrepreneurship;school-of-hard-knocks/hard-knocks-interviews,Asking Billionaires How They Got Rich! (New York);Asking Billionaires How They Got Rich! (New York)
JMIE80d0Aoo,2,school-of-hard-knocks/entrepreneurship/060-JMIE80d0Aoo;school-of-hard-knocks/hard-knocks-interviews/061-JMIE80d0Aoo,school-of-hard-knocks/entrepreneurship;school-of-hard-knocks/hard-knocks-interviews,Asking Millionaires Who They're Voting For President;Asking Millionaires Who They're Voting For President
JsEUa3mMGe0,2,school-of-hard-knocks/entrepreneurship/070-JsEUa3mMGe0;school-of-hard-knocks/hard-knocks-interviews/071-JsEUa3mMGe0,school-of-hard-knocks/entrepreneurship;school-of-hard-knocks/hard-knocks-interviews,Asking Millionaires How They Got RICH! (Dallas);Asking Millionaires How They Got RICH! (Dallas)
Kq4nx8DLrpY,2,school-of-hard-knocks/entrepreneurship/150-Kq4nx8DLrpY;school-of-hard-knocks/hard-knocks-interviews/117-Kq4nx8DLrpY,school-of-hard-knocks/entrepreneurship;school-of-hard-knocks/hard-knocks-interviews,Asking Millionaires How They Got RICH! (Houston);Asking Millionaires How They Got RICH! (Houston)
Latp0XujNXk,2,school-of-hard-knocks/entrepreneurship/053-Latp0XujNXk;school-of-hard-knocks/hard-knocks-interviews/054-Latp0XujNXk,school-of-hard-knocks/entrepreneurship;school-of-hard-knocks/hard-knocks-interviews,Asking Dubai Billionaires How They Got RICH!;Asking Dubai Billionaires How They Got RICH!
MQv7Te8VmYI,3,school-of-hard-knocks/10-questions-with-a-millionaire/016-MQv7Te8VmYI;school-of-hard-knocks/entrepreneurship/161-MQv7Te8VmYI;school-of-hard-knocks/hard-knocks-interviews/132-MQv7Te8VmYI,school-of-hard-knocks/10-questions-with-a-millionaire;school-of-hard-knocks/entrepreneurship;school-of-hard-knocks/hard-knocks-interviews,"How I Turned $1,000 Into $1 Billion;How I Turned $1,000 Into $1 Billion;How I Turned $1,000 Into $1 Billion"
MtvcqGNGev8,2,school-of-hard-knocks/entrepreneurship/151-MtvcqGNGev8;school-of-hard-knocks/hard-knocks-interviews/118-MtvcqGNGev8,school-of-hard-knocks/entrepreneurship;school-of-hard-knocks/hard-knocks-interviews,Entrepreneurs Guide To Start and Scale ANY Business;Entrepreneurs Guide To Start and Scale ANY Business
O5R1z_gPCSo,2,school-of-hard-knocks/entrepreneurship/068-O5R1z_gPCSo;school-of-hard-knocks/hard-knocks-interviews/069-O5R1z_gPCSo,school-of-hard-knocks/entrepreneurship;school-of-hard-knocks/hard-knocks-interviews,Asking Wealthy Americans How They Got Rich! (Scottsdale);Asking Wealthy Americans How They Got Rich! (Scottsdale)
O_pe_5L769E,2,school-of-hard-knocks/entrepreneurship/160-O_pe_5L769E;school-of-hard-knocks/hard-knocks-interviews/124-O_pe_5L769E,school-of-hard-knocks/entrepreneurship;school-of-hard-knocks/hard-knocks-interviews,"Asking Millionaires How To Make $1,000,000!;Asking Millionaires How To Make $1,000,000!"
OtWKuR2hU68,2,school-of-hard-knocks/entrepreneurship/069-OtWKuR2hU68;school-of-hard-knocks/hard-knocks-interviews/070-OtWKuR2hU68,school-of-hard-knocks/entrepreneurship;school-of-hard-knocks/hard-knocks-interviews,I Asked Wall Street Millionaires How They Got RICH!;I Asked Wall Street Millionaires How They Got RICH!
PFvRtVvP-Bo,2,school-of-hard-knocks/entrepreneurship/079-PFvRtVvP-Bo;school-of-hard-knocks/hard-knocks-interviews/080-PFvRtVvP-Bo,school-of-hard-knocks/entrepreneurship;school-of-hard-knocks/hard-knocks-interviews,Asking Millionaires How They Got RICH! (New York City);Asking Millionaires How They Got RICH! (New York City)
PN9Z4QH8X2w,2,school-of-hard-knocks/entrepreneurship/072-PN9Z4QH8X2w;school-of-hard-knocks/hard-knocks-interviews/073-PN9Z4QH8X2w,school-of-hard-knocks/entrepreneurship;school-of-hard-knocks/hard-knocks-interviews,Asking Billionaires How They Got RICH!;Asking Billionaires How They Got RICH!
PWVoNu4ytEA,2,school-of-hard-knocks/entrepreneurship/065-PWVoNu4ytEA;school-of-hard-knocks/hard-knocks-interviews/066-PWVoNu4ytEA,school-of-hard-knocks/entrepreneurship;school-of-hard-knocks/hard-knocks-interviews,Asking Miami Moguls How They Got Rich!;Asking Miami Moguls How They Got Rich!
QJP9OXmI5_4,3,school-of-hard-knocks/10-questions-with-a-millionaire/003-QJP9OXmI5_4;school-of-hard-knocks/entrepreneurship/052-QJP9OXmI5_4;school-of-hard-knocks/hard-knocks-interviews/053-QJP9OXmI5_4,school-of-hard-knocks/10-questions-with-a-millionaire;school-of-hard-knocks/entrepreneurship;school-of-hard-knocks/hard-knocks-interviews,I Was on Food Stamps... Now I Make $100M∕Year;I Was on Food Stamps... Now I Make $100M∕Year;I Was on Food Stamps... Now I Make $100M⧸Year
RGt99we0cGA,2,school-of-hard-knocks/entrepreneurship/154-RGt99we0cGA;school-of-hard-knocks/hard-knocks-interviews/121-RGt99we0cGA,school-of-hard-knocks/entrepreneurship;school-of-hard-knocks/hard-knocks-interviews,Asking Golf Course Millionaires How They Got Rich;Asking Golf Course Millionaires How They Got Rich
TllMBc9YvKk,2,school-of-hard-knocks/entrepreneurship/031-TllMBc9YvKk;school-of-hard-knocks/hard-knocks-interviews/032-TllMBc9YvKk,school-of-hard-knocks/entrepreneurship;school-of-hard-knocks/hard-knocks-interviews,Asking Wealthy Americans How They Got Rich!;Asking Wealthy Americans How They Got Rich!
TpVlJpiV6U8,3,school-of-hard-knocks/10-questions-with-a-millionaire/017-TpVlJpiV6U8;school-of-hard-knocks/entrepreneurship/163-TpVlJpiV6U8;school-of-hard-knocks/hard-knocks-interviews/134-TpVlJpiV6U8,school-of-hard-knocks/10-questions-with-a-millionaire;school-of-hard-knocks/entrepreneurship;school-of-hard-knocks/hard-knocks-interviews,10 Questions with a Millionaire: Founder & E-commerce Entrepreneur Robert Miller;10 Questions with a Millionaire: Founder & E-commerce Entrepreneur Robert Miller;10 Questions with a Millionaire： Founder & E-commerce Entrepreneur Robert Miller
V6I3R5Z-YZI,3,school-of-hard-knocks/10-questions-with-a-millionaire/008-V6I3R5Z-YZI;school-of-hard-knocks/entrepreneurship/095-V6I3R5Z-YZI;school-of-hard-knocks/hard-knocks-interviews/096-V6I3R5Z-YZI,school-of-hard-knocks/10-questions-with-a-millionaire;school-of-hard-knocks/entrepreneurship;school-of-hard-knocks/hard-knocks-interviews,Asking A 27 Year Old How to Make $300 Million;Asking A 27 Year Old How to Make $300 Million;Asking A 27 Year Old How to Make $300 Million
VNtZfU84euk,2,school-of-hard-knocks/10-questions-with-a-millionaire/021-VNtZfU84euk;school-of-hard-knocks/entrepreneurship/171-VNtZfU84euk,school-of-hard-knocks/10-questions-with-a-millionaire;school-of-hard-knocks/entrepreneurship,10 Questions with a Millionaire： Investor & Executive Doug Williams;10 Questions with a Millionaire: Investor & Executive Doug Williams
YU_58awAISY,2,school-of-hard-knocks/entrepreneurship/093-YU_58awAISY;school-of-hard-knocks/hard-knocks-interviews/094-YU_58awAISY,school-of-hard-knocks/entrepreneurship;school-of-hard-knocks/hard-knocks-interviews,Asking Orlando Millionaire’s How They Got RICH!;Asking Orlando Millionaire’s How They Got RICH!
ZFkKWGnm1PA,2,school-of-hard-knocks/entrepreneurship/082-ZFkKWGnm1PA;school-of-hard-knocks/hard-knocks-interviews/083-ZFkKWGnm1PA,school-of-hard-knocks/entrepreneurship;school-of-hard-knocks/hard-knocks-interviews,I Asked Miami Millionaires How They Got Rich;I Asked Miami Millionaires How They Got Rich
ZHFNlM0xG4U,2,school-of-hard-knocks/entrepreneurship/098-ZHFNlM0xG4U;school-of-hard-knocks/hard-knocks-interviews/100-ZHFNlM0xG4U,school-of-hard-knocks/entrepreneurship;school-of-hard-knocks/hard-knocks-interviews,Asking Luxury Shoppers How They Got RICH! (Miami);Asking Luxury Shoppers How They Got RICH! (Miami)
ZX_BJKKyDXo,2,school-of-hard-knocks/entrepreneurship/058-ZX_BJKKyDXo;school-of-hard-knocks/hard-knocks-interviews/059-ZX_BJKKyDXo,school-of-hard-knocks/entrepreneurship;school-of-hard-knocks/hard-knocks-interviews,Young Entrepreneur Interviews Patrick Bet-David;Young Entrepreneur Interviews Patrick Bet-David
ZdUmqGB-XpA,2,school-of-hard-knocks/entrepreneurship/014-ZdUmqGB-XpA;school-of-hard-knocks/hard-knocks-interviews/015-ZdUmqGB-XpA,school-of-hard-knocks/entrepreneurship;school-of-hard-knocks/hard-knocks-interviews,I Asked Dana White How He Made $500 Million!;I Asked Dana White How He Made $500 Million!
_5yi6XW4Av8,2,school-of-hard-knocks/entrepreneurship/092-_5yi6XW4Av8;school-of-hard-knocks/hard-knocks-interviews/093-_5yi6XW4Av8,school-of-hard-knocks/entrepreneurship;school-of-hard-knocks/hard-knocks-interviews,Asking Millionaire Homeowners How They Got Rich;Asking Millionaire Homeowners How They Got Rich
_sAyC_CLqzg,2,school-of-hard-knocks/entrepreneurship/048-_sAyC_CLqzg;school-of-hard-knocks/hard-knocks-interviews/049-_sAyC_CLqzg,school-of-hard-knocks/entrepreneurship;school-of-hard-knocks/hard-knocks-interviews,Asking Bugatti Owners How They Got RICH!;Asking Bugatti Owners How They Got RICH!
_wo0ox2mSjc,2,school-of-hard-knocks/entrepreneurship/155-_wo0ox2mSjc;school-of-hard-knocks/hard-knocks-interviews/122-_wo0ox2mSjc,school-of-hard-knocks/entrepreneurship;school-of-hard-knocks/hard-knocks-interviews,HOW TO GET EVERYTHING YOU WANT IN LIFE Ft. Josh Terry;HOW TO GET EVERYTHING YOU WANT IN LIFE Ft. Josh Terry
aGrMOowjMag,2,school-of-hard-knocks/entrepreneurship/019-aGrMOowjMag;school-of-hard-knocks/hard-knocks-interviews/020-aGrMOowjMag,school-of-hard-knocks/entrepreneurship;school-of-hard-knocks/hard-knocks-interviews,I Interviewed 30 Billionaires... Here’s What I Learned;I Interviewed 30 Billionaires... Here’s What I Learned
bPPc2coTClU,2,school-of-hard-knocks/entrepreneurship/054-bPPc2coTClU;school-of-hard-knocks/hard-knocks-interviews/055-bPPc2coTClU,school-of-hard-knocks/entrepreneurship;school-of-hard-knocks/hard-knocks-interviews,Meet The Kid Who Interviews Billionaires For a Living;Meet The Kid Who Interviews Billionaires For a Living
bfIJxp9ckKU,2,school-of-hard-knocks/entrepreneurship/046-bfIJxp9ckKU;school-of-hard-knocks/hard-knocks-interviews/047-bfIJxp9ckKU,school-of-hard-knocks/entrepreneurship;school-of-hard-knocks/hard-knocks-interviews,Asking Wall Street Millionaires How To Make $1 Million;Asking Wall Street Millionaires How To Make $1 Million
bmQRL82f-5I,3,school-of-hard-knocks/10-questions-with-a-millionaire/012-bmQRL82f-5I;school-of-hard-knocks/entrepreneurship/105-bmQRL82f-5I;school-of-hard-knocks/hard-knocks-interviews/107-bmQRL82f-5I,school-of-hard-knocks/10-questions-with-a-millionaire;school-of-hard-knocks/entrepreneurship;school-of-hard-knocks/hard-knocks-interviews,6 Questions With A Public CEO;6 Questions With A Public CEO;6 Questions With A Public CEO
cTs9SgRk4SI,2,school-of-hard-knocks/entrepreneurship/027-cTs9SgRk4SI;school-of-hard-knocks/hard-knocks-interviews/028-cTs9SgRk4SI,school-of-hard-knocks/entrepreneurship;school-of-hard-knocks/hard-knocks-interviews,I Was the 199th Pick... Now I'm Worth $300M (Tom Brady);I Was the 199th Pick... Now I'm Worth $300M (Tom Brady)
cttsP_8MjEo,3,school-of-hard-knocks/10-questions-with-a-millionaire/019-cttsP_8MjEo;school-of-hard-knocks/entrepreneurship/168-cttsP_8MjEo;school-of-hard-knocks/hard-knocks-interviews/138-cttsP_8MjEo,school-of-hard-knocks/10-questions-with-a-millionaire;school-of-hard-knocks/entrepreneurship;school-of-hard-knocks/hard-knocks-interviews,10 Questions with a Real Estate Millionaire: Tips for Building Wealth and Success;10 Questions with a Real Estate Millionaire: Tips for Building Wealth and Success;10 Questions with a Real Estate Millionaire： Tips for Building Wealth and Success
d4Yuq3iP5eI,3,school-of-hard-knocks/10-questions-with-a-millionaire/006-d4Yuq3iP5eI;school-of-hard-knocks/entrepreneurship/067-d4Yuq3iP5eI;school-of-hard-knocks/hard-knocks-interviews/068-d4Yuq3iP5eI,school-of-hard-knocks/10-questions-with-a-millionaire;school-of-hard-knocks/entrepreneurship;school-of-hard-knocks/hard-knocks-interviews,I Had to Beg Borrow & Steal.. Now I Make $300 Million;I Had to Beg Borrow & Steal.. Now I Make $300 Million;I Had to Beg Borrow & Steal.. Now I Make $300 Million
dK5bG5ZE3yI,2,school-of-hard-knocks/entrepreneurship/004-dK5bG5ZE3yI;school-of-hard-knocks/hard-knocks-interviews/004-dK5bG5ZE3yI,school-of-hard-knocks/entrepreneurship;school-of-hard-knocks/hard-knocks-interviews,Asking Billionaires If Getting Rich Was Worth It;Asking Billionaires If Getting Rich Was Worth It
eEg5ZjFxMmU,2,school-of-hard-knocks/entrepreneurship/036-eEg5ZjFxMmU;school-of-hard-knocks/hard-knocks-interviews/037-eEg5ZjFxMmU,school-of-hard-knocks/entrepreneurship;school-of-hard-knocks/hard-knocks-interviews,Asking Politicians How They Actually Got Rich!;Asking Politicians How They Actually Got Rich!
eSkosEaDnDw,2,school-of-hard-knocks/entrepreneurship/086-eSkosEaDnDw;school-of-hard-knocks/hard-knocks-interviews/087-eSkosEaDnDw,school-of-hard-knocks/entrepreneurship;school-of-hard-knocks/hard-knocks-interviews,Asking Holiday Shoppers How They Got RICH!;Asking Holiday Shoppers How They Got RICH!
exeXKslPiDI,2,school-of-hard-knocks/entrepreneurship/087-exeXKslPiDI;school-of-hard-knocks/hard-knocks-interviews/088-exeXKslPiDI,school-of-hard-knocks/entrepreneurship;school-of-hard-knocks/hard-knocks-interviews,Asking Texas Millionaires How They Got RICH!;Asking Texas Millionaires How They Got RICH!
gBBlX7v0910,2,school-of-hard-knocks/entrepreneurship/030-gBBlX7v0910;school-of-hard-knocks/hard-knocks-interviews/031-gBBlX7v0910,school-of-hard-knocks/entrepreneurship;school-of-hard-knocks/hard-knocks-interviews,Asking the RICHEST People in the World How They Got RICH!;Asking the RICHEST People in the World How They Got RICH!
gZ0RTpQZf8A,2,school-of-hard-knocks/entrepreneurship/049-gZ0RTpQZf8A;school-of-hard-knocks/hard-knocks-interviews/050-gZ0RTpQZf8A,school-of-hard-knocks/entrepreneurship;school-of-hard-knocks/hard-knocks-interviews,Asking Dubai Supercar Owners How They Got RICH!;Asking Dubai Supercar Owners How They Got RICH!
gotxAQD0YkE,2,school-of-hard-knocks/entrepreneurship/040-gotxAQD0YkE;school-of-hard-knocks/hard-knocks-interviews/041-gotxAQD0YkE,school-of-hard-knocks/entrepreneurship;school-of-hard-knocks/hard-knocks-interviews,Asking Palm Beach Billionaires How They Got So RICH!;Asking Palm Beach Billionaires How They Got So RICH!
hJYkUMV8I_s,2,school-of-hard-knocks/entrepreneurship/013-hJYkUMV8I_s;school-of-hard-knocks/hard-knocks-interviews/014-hJYkUMV8I_s,school-of-hard-knocks/entrepreneurship;school-of-hard-knocks/hard-knocks-interviews,Asking Millionaires How They Got RICH! (Philadelphia);Asking Millionaires How They Got RICH! (Philadelphia)
hRFCQAIa0gA,2,school-of-hard-knocks/entrepreneurship/084-hRFCQAIa0gA;school-of-hard-knocks/hard-knocks-interviews/085-hRFCQAIa0gA,school-of-hard-knocks/entrepreneurship;school-of-hard-knocks/hard-knocks-interviews,Asking Yacht Owners How They Got RICH!;Asking Yacht Owners How They Got RICH!
iRgdOE8Fags,2,school-of-hard-knocks/entrepreneurship/029-iRgdOE8Fags;school-of-hard-knocks/hard-knocks-interviews/030-iRgdOE8Fags,school-of-hard-knocks/entrepreneurship;school-of-hard-knocks/hard-knocks-interviews,I Asked Adin Ross How He Made $100 Million;I Asked Adin Ross How He Made $100 Million
jJxwJhdKb1s,2,school-of-hard-knocks/entrepreneurship/101-jJxwJhdKb1s;school-of-hard-knocks/hard-knocks-interviews/103-jJxwJhdKb1s,school-of-hard-knocks/entrepreneurship;school-of-hard-knocks/hard-knocks-interviews,Asking Millionaires How They Got RICH! (Dallas);Asking Millionaires How They Got RICH! (Dallas)
jR6g__ogNkc,2,school-of-hard-knocks/entrepreneurship/173-jR6g__ogNkc;school-of-hard-knocks/hard-knocks-interviews/140-jR6g__ogNkc,school-of-hard-knocks/entrepreneurship;school-of-hard-knocks/hard-knocks-interviews,These Millionaires Gave Us Life Changing Advice...;These Millionaires Gave Us Life Changing Advice...
kJ7HiO27n1g,2,school-of-hard-knocks/entrepreneurship/091-kJ7HiO27n1g;school-of-hard-knocks/hard-knocks-interviews/092-kJ7HiO27n1g,school-of-hard-knocks/entrepreneurship;school-of-hard-knocks/hard-knocks-interviews,Asking Calabasas Millionaires How They Got RICH!;Asking Calabasas Millionaires How They Got RICH!
lAOliWexJgo,3,school-of-hard-knocks/10-questions-with-a-millionaire/014-lAOliWexJgo;school-of-hard-knocks/entrepreneurship/107-lAOliWexJgo;school-of-hard-knocks/hard-knocks-interviews/110-lAOliWexJgo,school-of-hard-knocks/10-questions-with-a-millionaire;school-of-hard-knocks/entrepreneurship;school-of-hard-knocks/hard-knocks-interviews,He Turned $100k Into $25M;He Turned $100k Into $25M;He Turned $100k Into $25M
lU-bh2xPl4Y,2,school-of-hard-knocks/entrepreneurship/005-lU-bh2xPl4Y;school-of-hard-knocks/hard-knocks-interviews/006-lU-bh2xPl4Y,school-of-hard-knocks/entrepreneurship;school-of-hard-knocks/hard-knocks-interviews,Asking Miami Billionaires How They Got Rich!;Asking Miami Billionaires How They Got Rich!
lXitjVjEhEs,2,school-of-hard-knocks/entrepreneurship/026-lXitjVjEhEs;school-of-hard-knocks/hard-knocks-interviews/027-lXitjVjEhEs,school-of-hard-knocks/entrepreneurship;school-of-hard-knocks/hard-knocks-interviews,Asking Billionaires How They Got RICH! (Boston);Asking Billionaires How They Got RICH! (Boston)
mRJN1l_w-Co,2,school-of-hard-knocks/entrepreneurship/002-mRJN1l_w-Co;school-of-hard-knocks/hard-knocks-interviews/002-mRJN1l_w-Co,school-of-hard-knocks/entrepreneurship;school-of-hard-knocks/hard-knocks-interviews,Asking London Billionaires How They Got Rich!;Asking London Billionaires How They Got Rich!
n3_QuKa208w,2,school-of-hard-knocks/entrepreneurship/080-n3_QuKa208w;school-of-hard-knocks/hard-knocks-interviews/081-n3_QuKa208w,school-of-hard-knocks/entrepreneurship;school-of-hard-knocks/hard-knocks-interviews,Asking Supercar Owners How They Got RICH! (Las Vegas);Asking Supercar Owners How They Got RICH! (Las Vegas)
n5EmUiLNVjg,2,school-of-hard-knocks/entrepreneurship/028-n5EmUiLNVjg;school-of-hard-knocks/hard-knocks-interviews/029-n5EmUiLNVjg,school-of-hard-knocks/entrepreneurship;school-of-hard-knocks/hard-knocks-interviews,"How I Turned $50,000 Into $20 Billion;How I Turned $50,000 Into $20 Billion"
n7FLA5IZkWA,2,school-of-hard-knocks/entrepreneurship/076-n7FLA5IZkWA;school-of-hard-knocks/hard-knocks-interviews/077-n7FLA5IZkWA,school-of-hard-knocks/entrepreneurship;school-of-hard-knocks/hard-knocks-interviews,Asking Supercar Owners How They Got RICH! (Florida);Asking Supercar Owners How They Got RICH! (Florida)
nOL-StM6QnU,2,school-of-hard-knocks/entrepreneurship/022-nOL-StM6QnU;school-of-hard-knocks/hard-knocks-interviews/023-nOL-StM6QnU,school-of-hard-knocks/entrepreneurship;school-of-hard-knocks/hard-knocks-interviews,Asking Millionaires How They Got RICH! (Chicago);Asking Millionaires How They Got RICH! (Chicago)
nReWQdfRSC8,2,school-of-hard-knocks/entrepreneurship/090-nReWQdfRSC8;school-of-hard-knocks/hard-knocks-interviews/091-nReWQdfRSC8,school-of-hard-knocks/entrepreneurship;school-of-hard-knocks/hard-knocks-interviews,Asking Millionaires How They Got RICH! (Scottsdale);Asking Millionaires How They Got RICH! (Scottsdale)
npnyOvchXZs,2,school-of-hard-knocks/entrepreneurship/003-npnyOvchXZs;school-of-hard-knocks/hard-knocks-interviews/003-npnyOvchXZs,school-of-hard-knocks/entrepreneurship;school-of-hard-knocks/hard-knocks-interviews,Asking Billionaires If They Believe In God!;Asking Billionaires If They Believe In God!
nswPe9PAgjo,2,school-of-hard-knocks/entrepreneurship/047-nswPe9PAgjo;school-of-hard-knocks/hard-knocks-interviews/048-nswPe9PAgjo,school-of-hard-knocks/entrepreneurship;school-of-hard-knocks/hard-knocks-interviews,"She Turned $1,000 Into a $66M Empire at 76 Years Old!;She Turned $1,000 Into a $66M Empire at 76 Years Old!"
oDJEZ-n9TCM,2,school-of-hard-knocks/entrepreneurship/063-oDJEZ-n9TCM;school-of-hard-knocks/hard-knocks-interviews/064-oDJEZ-n9TCM,school-of-hard-knocks/entrepreneurship;school-of-hard-knocks/hard-knocks-interviews,Asking Wealthy Americans How They Got Rich! (Florida);Asking Wealthy Americans How They Got Rich! (Florida)
oRqUthcMi6I,3,school-of-hard-knocks/10-questions-with-a-millionaire/013-oRqUthcMi6I;school-of-hard-knocks/entrepreneurship/106-oRqUthcMi6I;school-of-hard-knocks/hard-knocks-interviews/108-oRqUthcMi6I,school-of-hard-knocks/10-questions-with-a-millionaire;school-of-hard-knocks/entrepreneurship;school-of-hard-knocks/hard-knocks-interviews,The Single Skill That Built His $100M Year Business;The Single Skill That Built His $100M Year Business;The Single Skill That Built His $100M Year Business
pBjoezYFA0Y,2,school-of-hard-knocks/entrepreneurship/096-pBjoezYFA0Y;school-of-hard-knocks/hard-knocks-interviews/098-pBjoezYFA0Y,school-of-hard-knocks/entrepreneurship;school-of-hard-knocks/hard-knocks-interviews,Asking Millionaires How They Got RICH! (Austin);Asking Millionaires How They Got RICH! (Austin)
pTifbfUnsH8,2,school-of-hard-knocks/10-questions-with-a-millionaire/018-pTifbfUnsH8;school-of-hard-knocks/entrepreneurship/166-pTifbfUnsH8,school-of-hard-knocks/10-questions-with-a-millionaire;school-of-hard-knocks/entrepreneurship,From Minimum Wage to Real Estate Millionaire;From Minimum Wage to Real Estate Millionaire
prPvzJwgHqg,3,school-of-hard-knocks/10-questions-with-a-millionaire/007-prPvzJwgHqg;school-of-hard-knocks/entrepreneurship/089-prPvzJwgHqg;school-of-hard-knocks/hard-knocks-interviews/090-prPvzJwgHqg,school-of-hard-knocks/10-questions-with-a-millionaire;school-of-hard-knocks/entrepreneurship;school-of-hard-knocks/hard-knocks-interviews,How He Built A $200 Million∕Year Security Company;How He Built A $200 Million∕Year Security Company;How He Built A $200 Million⧸Year Security Company
q8u9vs2xjg4,2,school-of-hard-knocks/entrepreneurship/039-q8u9vs2xjg4;school-of-hard-knocks/hard-knocks-interviews/040-q8u9vs2xjg4,school-of-hard-knocks/entrepreneurship;school-of-hard-knocks/hard-knocks-interviews,Meet the Billionaire Who Created LinkedIn (Then Sold It for $26B);Meet the Billionaire Who Created LinkedIn (Then Sold It for $26B)
qQIKf7YQBbA,2,school-of-hard-knocks/entrepreneurship/057-qQIKf7YQBbA;school-of-hard-knocks/hard-knocks-interviews/058-qQIKf7YQBbA,school-of-hard-knocks/entrepreneurship;school-of-hard-knocks/hard-knocks-interviews,Asking Billionaires How They Got Rich! (Beverly Hills);Asking Billionaires How They Got Rich! (Beverly Hills)
sExOe8q1QBc,2,school-of-hard-knocks/entrepreneurship/075-sExOe8q1QBc;school-of-hard-knocks/hard-knocks-interviews/076-sExOe8q1QBc,school-of-hard-knocks/entrepreneurship;school-of-hard-knocks/hard-knocks-interviews,Asking Scottsdale Millionaires How They Got Rich;Asking Scottsdale Millionaires How They Got Rich
t8FXPpfkxQY,2,school-of-hard-knocks/entrepreneurship/020-t8FXPpfkxQY;school-of-hard-knocks/hard-knocks-interviews/021-t8FXPpfkxQY,school-of-hard-knocks/entrepreneurship;school-of-hard-knocks/hard-knocks-interviews,A 60 Year Old Millionaire Shares What Actually Made Him RICH!;A 60 Year Old Millionaire Shares What Actually Made Him RICH!
ts5-LCzCUuE,2,school-of-hard-knocks/entrepreneurship/083-ts5-LCzCUuE;school-of-hard-knocks/hard-knocks-interviews/084-ts5-LCzCUuE,school-of-hard-knocks/entrepreneurship;school-of-hard-knocks/hard-knocks-interviews,Asking Luxury Shoppers How They Got RICH! (Dallas);Asking Luxury Shoppers How They Got RICH! (Dallas)
uMXIsDecZ3s,2,school-of-hard-knocks/entrepreneurship/042-uMXIsDecZ3s;school-of-hard-knocks/hard-knocks-interviews/043-uMXIsDecZ3s,school-of-hard-knocks/entrepreneurship;school-of-hard-knocks/hard-knocks-interviews,Asking Texan Billionaires How They Got Rich!;Asking Texan Billionaires How They Got Rich!
uUwf3HM_bBg,2,school-of-hard-knocks/entrepreneurship/037-uUwf3HM_bBg;school-of-hard-knocks/hard-knocks-interviews/038-uUwf3HM_bBg,school-of-hard-knocks/entrepreneurship;school-of-hard-knocks/hard-knocks-interviews,Asking Beverly Hills Billionaires How They Got So RICH!;Asking Beverly Hills Billionaires How They Got So RICH!
uf0Or7n8_bU,3,school-of-hard-knocks/10-questions-with-a-millionaire/015-uf0Or7n8_bU;school-of-hard-knocks/entrepreneurship/159-uf0Or7n8_bU;school-of-hard-knocks/hard-knocks-interviews/123-uf0Or7n8_bU,school-of-hard-knocks/10-questions-with-a-millionaire;school-of-hard-knocks/entrepreneurship;school-of-hard-knocks/hard-knocks-interviews,Asking a Private Equity Millionaire How He Got Rich;Asking a Private Equity Millionaire How He Got Rich;Asking a Private Equity Millionaire How He Got Rich
uwh4gWNgb1w,2,school-of-hard-knocks/entrepreneurship/006-uwh4gWNgb1w;school-of-hard-knocks/hard-knocks-interviews/007-uwh4gWNgb1w,school-of-hard-knocks/entrepreneurship;school-of-hard-knocks/hard-knocks-interviews,Asking Beverly Hill Billionaires How They Got Rich!;Asking Beverly Hill Billionaires How They Got Rich!
vMcZyzTNoIc,2,school-of-hard-knocks/entrepreneurship/025-vMcZyzTNoIc;school-of-hard-knocks/hard-knocks-interviews/026-vMcZyzTNoIc,school-of-hard-knocks/entrepreneurship;school-of-hard-knocks/hard-knocks-interviews,I Asked Tom Cruise How He Made $600 Million;I Asked Tom Cruise How He Made $600 Million
vUumRjZX0n8,2,school-of-hard-knocks/entrepreneurship/051-vUumRjZX0n8;school-of-hard-knocks/hard-knocks-interviews/052-vUumRjZX0n8,school-of-hard-knocks/entrepreneurship;school-of-hard-knocks/hard-knocks-interviews,Asking Dubai Moguls How They Got Rich!;Asking Dubai Moguls How They Got Rich!
vzDYSrzISzo,2,school-of-hard-knocks/10-questions-with-a-millionaire/022-vzDYSrzISzo;school-of-hard-knocks/entrepreneurship/172-vzDYSrzISzo,school-of-hard-knocks/10-questions-with-a-millionaire;school-of-hard-knocks/entrepreneurship,10 Questions with a Millionaire： Insurance CEO Lavon Perrin;10 Questions with a Millionaire: Insurance CEO Lavon Perrin
w1bpdHouHpI,2,school-of-hard-knocks/entrepreneurship/148-w1bpdHouHpI;school-of-hard-knocks/hard-knocks-interviews/115-w1bpdHouHpI,school-of-hard-knocks/entrepreneurship;school-of-hard-knocks/hard-knocks-interviews,Asking Denver Millionaires How Much Money They Make;Asking Denver Millionaires How Much Money They Make
wOsnxJCy2p8,2,school-of-hard-knocks/entrepreneurship/012-wOsnxJCy2p8;school-of-hard-knocks/hard-knocks-interviews/013-wOsnxJCy2p8,school-of-hard-knocks/entrepreneurship;school-of-hard-knocks/hard-knocks-interviews,Asking Millionaires How They Got Rich! (Silicon Valley);Asking Millionaires How They Got Rich! (Silicon Valley)
xe3GmH-mBQI,2,school-of-hard-knocks/entrepreneurship/094-xe3GmH-mBQI;school-of-hard-knocks/hard-knocks-interviews/095-xe3GmH-mBQI,school-of-hard-knocks/entrepreneurship;school-of-hard-knocks/hard-knocks-interviews,Asking Beverly Hills Millionaires How They Got RICH!;Asking Beverly Hills Millionaires How They Got RICH!
yOSsd1Tpno4,3,school-of-hard-knocks/10-questions-with-a-millionaire/010-yOSsd1Tpno4;school-of-hard-knocks/entrepreneurship/100-yOSsd1Tpno4;school-of-hard-knocks/hard-knocks-interviews/102-yOSsd1Tpno4,school-of-hard-knocks/10-questions-with-a-millionaire;school-of-hard-knocks/entrepreneurship;school-of-hard-knocks/hard-knocks-interviews,Young Entrepreneur Interviews Billionaire Grant Cardone;Young Entrepreneur Interviews Billionaire Grant Cardone;Young Entrepreneur Interviews Billionaire Grant Cardone
yUCRSAWh_ls,2,school-of-hard-knocks/entrepreneurship/010-yUCRSAWh_ls;school-of-hard-knocks/hard-knocks-interviews/011-yUCRSAWh_ls,school-of-hard-knocks/entrepreneurship;school-of-hard-knocks/hard-knocks-interviews,Asking One of the Richest Men in Dubai How He Got Rich!;Asking One of the Richest Men in Dubai How He Got Rich!
z810EM7Q5Mg,2,school-of-hard-knocks/entrepreneurship/011-z810EM7Q5Mg;school-of-hard-knocks/hard-knocks-interviews/012-z810EM7Q5Mg,school-of-hard-knocks/entrepreneurship;school-of-hard-knocks/hard-knocks-interviews,Asking Wealthy Americans How They Got So Rich! (Scottsdale);Asking Wealthy Americans How They Got So Rich! (Scottsdale)
zN087p7dHN0,2,school-of-hard-knocks/entrepreneurship/023-zN087p7dHN0;school-of-hard-knocks/hard-knocks-interviews/024-zN087p7dHN0,school-of-hard-knocks/entrepreneurship;school-of-hard-knocks/hard-knocks-interviews,Asking Billionaires How They Got RICH! (Florida);Asking Billionaires How They Got RICH! (Florida)
