priority_id,source_key,work,exact_use_question,candidate_chapters,reading_status,source_card_rel,decision,decision_reason
money-01,ZhJpBook:books/psychology-of-money/markdown/en.md,"Morgan Housel, The Psychology of Money","Separate wealth from visible consumption; test enough, behavior, luck, and survival.",1;16;18;19;23,focused-close-read,generated_course_notes/lazyearn/school-of-hard-knocks/hard-knocks-interviews/dynamic_book/editorial/v3/source_cards/problem_01_rich_and_enough.md,integrate-mechanisms,"Use comparison, time-control, and ruin boundaries; do not import source anecdotes into the narrative spine."
money-02,ZhJpBook:books/your-money-or-your-life-complete-structure-repair/markdown/en.md,"Vicki Robin and Joe Dominguez, Your Money or Your Life",Relate money to finite life energy without reducing every human good to a price.,1;3;4;22;23,focused-close-read,generated_course_notes/lazyearn/school-of-hard-knocks/hard-knocks-interviews/dynamic_book/editorial/v3/source_cards/problem_01_rich_and_enough.md,integrate-adapted-practice,"Adapt the fulfillment, life-energy, and work-created-cost questions into an original enough audit."
money-03,ZhJpBook:books/simple-path-to-wealth-complete-structure-repair/markdown/en.md,"J. L. Collins, The Simple Path to Wealth","Test a simple financial-independence path against geography, taxes, risk, and reader starting points.",3;18;19;22,focused-close-read,generated_course_notes/lazyearn/school-of-hard-knocks/hard-knocks-interviews/dynamic_book/editorial/v3/source_cards/problem_06_survival_before_return.md,integrate-behavior-with-limits,"Use spending margin debt caution regular ownership simplicity and crash-survival behavior while rejecting universal U.S. products fixed rates and historical-return promises."
capital-01,ZhJpBook:books/intelligent-investor-complete-structure-repair/markdown/en.md,"Benjamin Graham, The Intelligent Investor","Clarify margin of safety, investor temperament, price, value, and loss capacity.",16;18;19,focused-close-read,generated_course_notes/lazyearn/school-of-hard-knocks/hard-knocks-interviews/dynamic_book/editorial/v3/source_cards/problem_06_survival_before_return.md,integrate-margin-and-capacity,"Use price versus value demonstrated skill margin for error diversification and freedom from forced sale without importing historical allocations or products."
capital-02,ZhJpBook:books/little-book-common-sense-investing-complete-structure-repair/markdown/en.md,"John C. Bogle, The Little Book of Common Sense Investing","Explain costs, diversification, market returns, and the limits of concentrated-winner stories.",18;19,focused-close-read,generated_course_notes/lazyearn/school-of-hard-knocks/hard-knocks-interviews/dynamic_book/editorial/v3/source_cards/problem_06_survival_before_return.md,integrate-cost-and-broad-core,"Use aggregate cost arithmetic survivorship limits broad ownership and capacity-versus-willingness while keeping market and product claims jurisdiction specific."
customer-01,ZhJpBook:books/mom-test-complete-structure-repair/markdown/en.md,"Rob Fitzpatrick, The Mom Test",Turn customer conversation into disconfirming evidence rather than praise collection.,5;6;8,focused-close-read,generated_course_notes/lazyearn/school-of-hard-knocks/hard-knocks-interviews/dynamic_book/editorial/v3/source_cards/problem_02_customer_evidence.md,integrate-evidence-ladder,"Use specific past behavior and costly commitment to separate facts from compliments; retain interview stories as the narrative spine."
venture-01,ZhJpBook:books/lean-startup-complete-structure-repair/markdown/en.md,"Eric Ries, The Lean Startup",Specify when validated learning helps and when cheap experiments cannot represent costly reality.,5;6;11;12,focused-close-read,generated_course_notes/lazyearn/school-of-hard-knocks/hard-knocks-interviews/dynamic_book/editorial/v3/source_cards/problem_02_customer_evidence.md,integrate-with-boundaries,"Use explicit hypotheses and behavior-based measures; state what each experiment does not reproduce and preserve every safety and duty-of-care floor."
product-01,ZhJpBook:books/inspired-product-complete-structure-repair/markdown/en.md,"Marty Cagan, Inspired","Connect customer value, product risk, empowered teams, and accountable discovery.",5;6;7;13,focused-close-read,generated_course_notes/lazyearn/school-of-hard-knocks/hard-knocks-interviews/dynamic_book/editorial/v3/source_cards/problem_05_company_as_people.md,integrate-outcome-autonomy-with-boundaries,"Use durable cross-functional ownership customer contact dependency reduction and experienced outcomes while rejecting technology-specific recipes forced labor and slogan-based team rankings."
strategy-01,ZhJpBook:books/good-strategy-bad-strategy-complete-structure-repair/markdown/en.md,"Richard Rumelt, Good Strategy/Bad Strategy","Distinguish diagnosis and coherent action from goals, slogans, and growth wishes.",5;11;12;14;15,focused-close-read,generated_course_notes/lazyearn/school-of-hard-knocks/hard-knocks-interviews/dynamic_book/editorial/v3/source_cards/problem_03_growth_and_cash.md,integrate-with-restraint,Use diagnosis guiding policy coherent action and essential-link logic to test growth; do not import the source's corporate anecdotes or vocabulary as ornamental authority.
management-01,ZhJpBook:books/effective-executive-drucker/markdown/en.md,"Peter Drucker, The Effective Executive","Explain attention, contribution, decisions, and the responsible use of executive time.",4;11;13;15;22,focused-close-read,generated_course_notes/lazyearn/school-of-hard-knocks/hard-knocks-interviews/dynamic_book/editorial/v3/source_cards/problem_05_company_as_people.md,integrate-contribution-and-decision-discipline,"Use observed time contribution strengths careful people decisions focused choice and organized disagreement without importing dated corporate anecdotes or gendered assumptions."
economics-01,ZhJpBook:books/economics-one-lesson-complete-structure-repair/markdown/en.md,"Henry Hazlitt, Economics in One Lesson",Use seen and unseen effects while testing the source's ideological and institutional limits.,2;7;12;17;20,focused-close-read,generated_course_notes/lazyearn/school-of-hard-knocks/hard-knocks-interviews/dynamic_book/editorial/v3/source_cards/problem_07_who_bears_the_residual_loss.md,integrate-consequence-tracing-with-rights,"Use immediate and later effects visible and displaced uses and all affected groups while rejecting ideological closure callous aggregate reasoning and omission of rights power and institutions."
meaning-01,ZhJpBook:books/mans-search-for-meaning/markdown/en.md,"Viktor Frankl, Man's Search for Meaning",Distinguish chosen purpose and inner freedom from romanticizing avoidable suffering.,4;21;22;23,focused-close-read,generated_course_notes/lazyearn/school-of-hard-knocks/hard-knocks-interviews/dynamic_book/editorial/v3/source_cards/problem_08_what_ambition_may_not_consume.md,integrate-meaning-with-avoidable-suffering-boundary,"Use responsibility and plural sources of meaning while explicitly refusing to turn avoidable suffering or Holocaust testimony into entrepreneurial grit."
freedom-01,ZhJpBook:books/naval-almanack/markdown/en.md,"Eric Jorgenson, The Almanack of Naval Ravikant","Test leverage, specific knowledge, ownership, desire, and happiness as a compact synthesis rather than authority.",3;10;14;18;22;23,focused-close-read,generated_course_notes/lazyearn/school-of-hard-knocks/hard-knocks-interviews/dynamic_book/editorial/v3/source_cards/problem_04_ownership_and_control.md,integrate-with-boundaries,"Use ownership reusable systems leverage and time control while rejecting absolutes about equity permissionlessness labor replaceability bankruptcy and socially symmetric failure."
china-01,ZhJpBook:books/daodejing/markdown/wenyan.md,"Laozi, Daodejing","Deepen sufficiency, desire, non-coercive action, and the discipline of stopping.",13;21;22;23,focused-close-read,generated_course_notes/lazyearn/school-of-hard-knocks/hard-knocks-interviews/dynamic_book/editorial/v3/source_cards/problem_01_rich_and_enough.md,retain-and-deepen,"Keep the existing knowing-sufficiency and knowing-when-to-stop distinction; connect it to repeated review."
china-02,ZhJpBook:books/mengzi/markdown/wenyan.md,Mencius,"Connect stable livelihood, moral agency, humane government, and unequal material conditions.",2;3;13;20;23,focused-close-read,generated_course_notes/lazyearn/school-of-hard-knocks/hard-knocks-interviews/dynamic_book/editorial/v3/source_cards/problem_01_rich_and_enough.md,retain-boundary,"Keep stable livelihood as a material-agency boundary; do not translate ancient policy literally."
china-03,ZhJpBook:books/zhuangzi/markdown/wenyan.md,Zhuangzi,"Test skill, constraint, status, usefulness, freedom, and the cost of fixed identity.",3;4;21;22;23,focused-close-read,generated_course_notes/lazyearn/school-of-hard-knocks/hard-knocks-interviews/dynamic_book/editorial/v3/source_cards/problem_08_what_ambition_may_not_consume.md,integrate-finite-skill-boundary,"Use finite attention, structural skill, caution, and preserved capacity; reject anti-work, withdrawal, and productivity-hack readings."
china-04,ZhJpBook:books/lunyu/markdown/wenyan.md,"Confucius, Analects","Clarify learning, trust, role, reciprocity, and leadership by cultivated example.",3;9;13;15,focused-close-read,generated_course_notes/lazyearn/school-of-hard-knocks/hard-knocks-interviews/dynamic_book/editorial/v3/source_cards/problem_05_company_as_people.md,integrate-trust-with-rights,"Use conduct trust reciprocity and principled disagreement as ethical constraints while rejecting paternalism fixed hierarchy and personality rule."
china-05,ZhJpBook:books/mozi/markdown/wenyan.md,Mozi,"Test impartial care, frugality, social benefit, merit, and anti-luxury arguments.",2;7;13;20;23,focused-close-read,generated_course_notes/lazyearn/school-of-hard-knocks/hard-knocks-interviews/dynamic_book/editorial/v3/source_cards/problem_07_who_bears_the_residual_loss.md,integrate-impartial-cost-test-with-limits,"Use impartial concern real human benefit and whose subsistence labor or safety funds elite consumption while rejecting hierarchy coercion austerity anti-art conclusions and ancient labor assumptions."
china-06,ZhJpBook:books/hanfeizi/markdown/wenyan.md,Han Feizi,"Use incentives, information, institutional control, and succession without endorsing authoritarian premises.",11;13;14;15;20,focused-close-read,generated_course_notes/lazyearn/school-of-hard-knocks/hard-knocks-interviews/dynamic_book/editorial/v3/source_cards/problem_05_company_as_people.md,integrate-institutional-diagnosis-only,"Use the information favoritism role-clarity and consistency diagnoses while explicitly rejecting ruler-centered suspicion severe punishment obedience and suppression of dissent."
china-07,ZhJpBook:books/huainanzi/markdown/wenyan.md,Huainanzi,"Explore adaptive rule, limits, appetite, timing, and the relation between person and conditions.",2;4;13;18;23,pending-close-read,,pending,
literature-01,ZhJpBook:books/great-gatsby/markdown/en.md,"F. Scott Fitzgerald, The Great Gatsby","Test status, reinvention, desire, wealth display, and the impossibility of purchasing the past.",1;4;21;23,pending-close-read,,pending,
literature-02,ZhJpBook:books/buddenbrooks/markdown/en.md,"Thomas Mann, Buddenbrooks","Examine family enterprise, inheritance, duty, prestige, succession, and generational decay.",13;15;18;21,pending-close-read,,pending,
literature-03,ZhJpBook:books/father-goriot/markdown/en.md,"Honore de Balzac, Father Goriot","Show how money, status markets, family obligation, and social ambition deform one another.",1;9;21;23,pending-close-read,,pending,
literature-04,ZhJpBook:books/death-of-ivan-ilyich/markdown/en.md,"Leo Tolstoy, The Death of Ivan Ilyich","Test respectable success against mortality, relationships, self-deception, and a finite day.",4;21;22;23,focused-close-read,generated_course_notes/lazyearn/school-of-hard-knocks/hard-knocks-interviews/dynamic_book/editorial/v3/source_cards/problem_08_what_ambition_may_not_consume.md,integrate-respectability-premortem,"Use fiction as a diagnostic for externally correct success and relational neglect, not evidence that career causes illness or a moralizing death sentence."
ethics-01,LazyLearn:markdown/lazylearn/justice-with-michael-sandel/002 - Justice： What's The Right Thing To Do？ Episode 02： ＂PUTTING A PRICE TAG ON LIFE＂ [0O2Rq4HJBxw].md,"Michael Sandel, Putting a Price Tag on Life",Identify where market valuation clarifies choice and where it corrupts or omits moral value.,1;7;13;20;23,focused-close-read,generated_course_notes/lazyearn/school-of-hard-knocks/hard-knocks-interviews/dynamic_book/editorial/v3/source_cards/problem_07_who_bears_the_residual_loss.md,integrate-calculation-with-rights-floor,"Use calculation to expose tradeoffs while preserving dignity consent distinct persons and non-aggregable rights; omit unverified historical case figures and do not treat the lecture as settled authority."
ethics-02,LazyLearn:markdown/lazylearn/justice-with-michael-sandel/008 - Justice： What's The Right Thing To Do？ Episode 08： ＂WHATS A FAIR START？＂ [VcL66zx_6No].md,"Michael Sandel, What's a Fair Start?","Test merit, luck, desert, redistribution, and the moral ranking of outcomes.",2;3;13;20,focused-close-read,generated_course_notes/lazyearn/school-of-hard-knocks/hard-knocks-interviews/dynamic_book/editorial/v3/source_cards/problem_07_who_bears_the_residual_loss.md,integrate-fair-start-boundary,"Use unequal starts luck institutions and socially valued talents to qualify self-made and moral-desert claims without denying effort agency incentives contribution or responsibility."
physics-01,leonardsusskind:theoretical_minimum_companion_notes/core/statistical_mechanics/sm/sm.tex,"Leonard Susskind course notes, Statistical Mechanics","Sharpen state, information, reversibility, entropy, and irreversible downside without forced metaphor.",12;18;19;21,focused-close-read,generated_course_notes/lazyearn/school-of-hard-knocks/hard-knocks-interviews/dynamic_book/editorial/v3/source_cards/problem_06_survival_before_return.md,integrate-epistemic-boundary,"Use only the distinction among a distribution its averages fluctuations and one observed state; do not treat thermodynamics as financial evidence or reader-facing ornament."
curriculum-01,Books:references/WEALTH_BUSINESS_SUCCESS_READING_GUIDE_2026-07-11.md,"Wealth, Business, Investing, Marketing, and Success Reading Guide","Use the local curriculum to identify disagreement pairs and missing mechanisms, not as evidence itself.",all,pending-close-read,,pending,
