record_id,youtube_id,status,source_card_rel,problems_supported,contradictions_or_limits,candidate_chapters,disposition,rationale,reviewed_at
jiddu-krishnamurti/ending-all-fear/001-ojjZut2-fu0,ojjZut2-fu0,inventory-verified,,,,,pending-substantive-read,,
jiddu-krishnamurti/ending-all-fear/002-1Z32Mh0EiBE,1Z32Mh0EiBE,inventory-verified,,,,,pending-substantive-read,,
jiddu-krishnamurti/ending-all-fear/003-bciKNE90kzU,bciKNE90kzU,inventory-verified,,,,,pending-substantive-read,,
jiddu-krishnamurti/ending-all-fear/004-2-dFPWqLIqM,2-dFPWqLIqM,inventory-verified,,,,,pending-substantive-read,,
jiddu-krishnamurti/ending-all-fear/005-MV0tuEXTA-A,MV0tuEXTA-A,inventory-verified,,,,,pending-substantive-read,,
jiddu-krishnamurti/transformation-of-man/001-UzQF09RhlaU,UzQF09RhlaU,inventory-verified,,,,,pending-substantive-read,,
jiddu-krishnamurti/transformation-of-man/002-Dvtxu1QJHeQ,Dvtxu1QJHeQ,inventory-verified,,,,,pending-substantive-read,,
jiddu-krishnamurti/transformation-of-man/003-ypM8EVALvEo,ypM8EVALvEo,inventory-verified,,,,,pending-substantive-read,,
jiddu-krishnamurti/transformation-of-man/004-UT1gtGPBsWQ,UT1gtGPBsWQ,inventory-verified,,,,,pending-substantive-read,,
jiddu-krishnamurti/transformation-of-man/005-EDNameIJ1uY,EDNameIJ1uY,inventory-verified,,,,,pending-substantive-read,,
jiddu-krishnamurti/transformation-of-man/006-z3VmciTsopE,z3VmciTsopE,inventory-verified,,,,,pending-substantive-read,,
jiddu-krishnamurti/transformation-of-man/007-iDxzB_oDPnw,iDxzB_oDPnw,inventory-verified,,,,,pending-substantive-read,,
jiddu-krishnamurti/transformation-of-man/008-V9hCYaCOGpk,V9hCYaCOGpk,inventory-verified,,,,,pending-substantive-read,,
jiddu-krishnamurti/wholly-different-way-of-living/001-ux-1aRB8Res,ux-1aRB8Res,inventory-verified,,,,,pending-substantive-read,,
jiddu-krishnamurti/wholly-different-way-of-living/002-xvVL3tT5hZM,xvVL3tT5hZM,inventory-verified,,,,,pending-substantive-read,,
jiddu-krishnamurti/wholly-different-way-of-living/003-pmDUDo_YFoU,pmDUDo_YFoU,inventory-verified,,,,,pending-substantive-read,,
jiddu-krishnamurti/wholly-different-way-of-living/004-bUuvpNuX4rM,bUuvpNuX4rM,inventory-verified,,,,,pending-substantive-read,,
jiddu-krishnamurti/wholly-different-way-of-living/005-z46n67DiiLg,z46n67DiiLg,inventory-verified,,,,,pending-substantive-read,,
jiddu-krishnamurti/wholly-different-way-of-living/006-50eS3GZS6lk,50eS3GZS6lk,inventory-verified,,,,,pending-substantive-read,,
jiddu-krishnamurti/wholly-different-way-of-living/007-WwL39WoQcEM,WwL39WoQcEM,inventory-verified,,,,,pending-substantive-read,,
jiddu-krishnamurti/wholly-different-way-of-living/008-pg6xdfYe6To,pg6xdfYe6To,focused-close-read,generated_course_notes/lazyearn/school-of-hard-knocks/hard-knocks-interviews/dynamic_book/editorial/v3/source_cards/problem_01_rich_and_enough.md,pleasure;happiness;attention;repeated desire,"The transcript's universal claims about thought exceed what the book can establish.",1;4;21;23,integrate-narrow-mechanism,"Use remembered reward and repetition as an observable mechanism; retain the stronger philosophy in research memory.",2026-08-25
jiddu-krishnamurti/wholly-different-way-of-living/009-LO-oBa-ZKqQ,LO-oBa-ZKqQ,inventory-verified,,,,,pending-substantive-read,,
jiddu-krishnamurti/wholly-different-way-of-living/010-3QpZqgTqlEk,3QpZqgTqlEk,inventory-verified,,,,,pending-substantive-read,,
jiddu-krishnamurti/wholly-different-way-of-living/011-6NnbKd8_Q28,6NnbKd8_Q28,inventory-verified,,,,,pending-substantive-read,,
jiddu-krishnamurti/wholly-different-way-of-living/012-V2G-j-2v3FU,V2G-j-2v3FU,inventory-verified,,,,,pending-substantive-read,,
jiddu-krishnamurti/wholly-different-way-of-living/013-huxxLqcZqCw,huxxLqcZqCw,inventory-verified,,,,,pending-substantive-read,,
jiddu-krishnamurti/wholly-different-way-of-living/014-0D_1XdYRtI4,0D_1XdYRtI4,inventory-verified,,,,,pending-substantive-read,,
jiddu-krishnamurti/wholly-different-way-of-living/015-cdvb92kSmAE,cdvb92kSmAE,inventory-verified,,,,,pending-substantive-read,,
jiddu-krishnamurti/wholly-different-way-of-living/016-SJ1q9KeGdwI,SJ1q9KeGdwI,inventory-verified,,,,,pending-substantive-read,,
jiddu-krishnamurti/wholly-different-way-of-living/017-HhMVrr7-JEk,HhMVrr7-JEk,inventory-verified,,,,,pending-substantive-read,,
jiddu-krishnamurti/wholly-different-way-of-living/018-HMyX2FXE9S4,HMyX2FXE9S4,inventory-verified,,,,,pending-substantive-read,,
jim-rohn-originals-no-ai/001-0sG31mTbHJU,0sG31mTbHJU,inventory-verified,,,,,pending-substantive-read,,
jim-rohn-originals-no-ai/002-gAZ0ARHKKoU,gAZ0ARHKKoU,inventory-verified,,,,,pending-substantive-read,,
jim-rohn-originals-no-ai/003-TarOjPbJD1Q,TarOjPbJD1Q,inventory-verified,,,,,pending-substantive-read,,
jim-rohn-originals-no-ai/004-AwDUKk1i2sI,AwDUKk1i2sI,inventory-verified,,,,,pending-substantive-read,,
jim-rohn-originals-no-ai/005-arUini9Mh6A,arUini9Mh6A,inventory-verified,,,,,pending-substantive-read,,
jim-rohn-originals-no-ai/006-z7DtCkmFIYI,z7DtCkmFIYI,inventory-verified,,,,,pending-substantive-read,,
jim-rohn-originals-no-ai/007-E-qYHYMdniM,E-qYHYMdniM,inventory-verified,,,,,pending-substantive-read,,
jim-rohn-originals-no-ai/008-qSNhBZfsbIU,qSNhBZfsbIU,inventory-verified,,,,,pending-substantive-read,,
jim-rohn-originals-no-ai/009-W8e403FML4I,W8e403FML4I,inventory-verified,,,,,pending-substantive-read,,
jim-rohn-originals-no-ai/010-wS7b1I50F7Y,wS7b1I50F7Y,inventory-verified,,,,,pending-substantive-read,,
jim-rohn-originals-no-ai/011-6aWlD3NhIfs,6aWlD3NhIfs,inventory-verified,,,,,pending-substantive-read,,
jim-rohn-originals-no-ai/012-YF75cLE-6hI,YF75cLE-6hI,inventory-verified,,,,,pending-substantive-read,,
jim-rohn-originals-no-ai/013-2-id_FOc09k,2-id_FOc09k,inventory-verified,,,,,pending-substantive-read,,
jim-rohn-originals-no-ai/014-Mres4xDThPg,Mres4xDThPg,inventory-verified,,,,,pending-substantive-read,,
jim-rohn-originals-no-ai/015-gljlCJFHNZ0,gljlCJFHNZ0,inventory-verified,,,,,pending-substantive-read,,
jim-rohn-originals-no-ai/016-pUz06GHWWuM,pUz06GHWWuM,inventory-verified,,,,,pending-substantive-read,,
jim-rohn-originals-no-ai/017-XY5nulJAIn4,XY5nulJAIn4,inventory-verified,,,,,pending-substantive-read,,
jim-rohn-originals-no-ai/018-X9-PxHfCwVM,X9-PxHfCwVM,inventory-verified,,,,,pending-substantive-read,,
jim-rohn-originals-no-ai/019-d8eA6kWWEe0,d8eA6kWWEe0,inventory-verified,,,,,pending-substantive-read,,
jim-rohn-originals-no-ai/020-aUsHwEWIaNA,aUsHwEWIaNA,inventory-verified,,,,,pending-substantive-read,,
jim-rohn-originals-no-ai/021-1zNx3QyQ-9M,1zNx3QyQ-9M,inventory-verified,,,,,pending-substantive-read,,
mit-nuts-and-bolts-of-new-ventures/001-5gtR7IjtcFE,5gtR7IjtcFE,inventory-verified,,,,,pending-substantive-read,,
mit-nuts-and-bolts-of-new-ventures/002-8OH72JS7FZg,8OH72JS7FZg,focused-close-read,generated_course_notes/lazyearn/school-of-hard-knocks/hard-knocks-interviews/dynamic_book/editorial/v3/source_cards/problem_02_customer_evidence.md,customer evidence;decision roles;reorder;channel;segmentation,"Clinician approval did not represent patient demand; one successful reconstruction is not a universal launch method.",5;6;8;9,integrate-evidence-ladder,"Use the Regain failure and reorder/channel reconstruction to distinguish opinion from observed behavior.",2026-08-25
mit-nuts-and-bolts-of-new-ventures/003-wzC4PddpFnA,wzC4PddpFnA,focused-close-read,generated_course_notes/lazyearn/school-of-hard-knocks/hard-knocks-interviews/dynamic_book/editorial/v3/source_cards/problem_03_growth_and_cash.md,business model;channel;cost structure;adaptation;coupled system,A business-model lecture supplies operating structure but does not validate the economics of a particular venture.,9;11;12,integrate-coupled-business-model,Use create-deliver-capture and the direct-distributor-OEM sequence to show that channel cost and capacity must move together.,2026-08-25
mit-nuts-and-bolts-of-new-ventures/004-OAEGRRcwt9M,OAEGRRcwt9M,focused-close-read,generated_course_notes/lazyearn/school-of-hard-knocks/hard-knocks-interviews/dynamic_book/editorial/v3/source_cards/problem_04_ownership_and_control.md,licensing;equity;vesting;dilution;founder allocation;liability,"The legal tax and market examples are historical United States-specific classroom material and not current professional advice.",10;14;20,integrate-rights-mechanics,"Use the separation among license duties equity vesting dilution liability and founder contribution while keeping all numerical terms conditional.",2026-08-25
mit-nuts-and-bolts-of-new-ventures/005-ZcH04FusUbU,ZcH04FusUbU,inventory-verified,,,,,pending-substantive-read,,
mit-nuts-and-bolts-of-new-ventures/006--Op1GLwFuV4,-Op1GLwFuV4,inventory-verified,,,,,pending-substantive-read,,
mit-nuts-and-bolts-of-new-ventures/007-41xcHr9jkV8,41xcHr9jkV8,inventory-verified,,,,,pending-substantive-read,,
mit-nuts-and-bolts-of-new-ventures/008-YweBomE2cr4,YweBomE2cr4,focused-close-read,generated_course_notes/lazyearn/school-of-hard-knocks/hard-knocks-interviews/dynamic_book/editorial/v3/source_cards/problem_03_growth_and_cash.md,cash timing;bottom-up forecast;gross margin;capacity;burn;buffer,Projection figures are classroom examples and forecasts are decision models rather than promises.,8;9;11;12,integrate-cash-mechanics,Use linked operating assumptions and period-by-period cash recurrence while keeping every heuristic and example conditional.,2026-08-25
mit-nuts-and-bolts-of-new-ventures/009-p-f5S31pjTA,p-f5S31pjTA,inventory-verified,,,,,pending-substantive-read,,
mit-nuts-and-bolts-of-new-ventures/010-DjytFelLAiM,DjytFelLAiM,focused-close-read,generated_course_notes/lazyearn/school-of-hard-knocks/hard-knocks-interviews/dynamic_book/editorial/v3/source_cards/problem_03_growth_and_cash.md,growth;cash exhaustion;deposits;funding mix;venture capital,Deposits and strategic capital shift risk rather than remove it and venture capital can be either necessary or distorting.,11;12;14;15,integrate-capital-boundaries,Use the warning that growth can exhaust cash and distinguish capital sources by timing control and downside.,2026-08-25
mit-nuts-and-bolts-of-new-ventures/011--U3-idg31L4,-U3-idg31L4,inventory-verified,,,,,pending-substantive-read,,
school-of-hard-knocks/10-questions-with-a-millionaire/001-EF6-Ed2H2cE,EF6-Ed2H2cE,inventory-verified,,,,,pending-substantive-read,,
school-of-hard-knocks/10-questions-with-a-millionaire/002-9YldQVM4u-I,9YldQVM4u-I,inventory-verified,,,,,pending-substantive-read,,
school-of-hard-knocks/10-questions-with-a-millionaire/003-QJP9OXmI5_4,QJP9OXmI5_4,inventory-verified,,,,,pending-substantive-read,,
school-of-hard-knocks/10-questions-with-a-millionaire/004-22CjsRG0sTc,22CjsRG0sTc,inventory-verified,,,,,pending-substantive-read,,
school-of-hard-knocks/10-questions-with-a-millionaire/005-0I0EPRu3DJ0,0I0EPRu3DJ0,inventory-verified,,,,,pending-substantive-read,,
school-of-hard-knocks/10-questions-with-a-millionaire/006-d4Yuq3iP5eI,d4Yuq3iP5eI,duplicate-covered-by-canonical-record,generated_course_notes/lazyearn/school-of-hard-knocks/hard-knocks-interviews/dynamic_book/editorial/v3/source_cards/problem_03_growth_and_cash.md,working capital;factoring;retained earnings;bankability,Duplicate playlist record of hard-knocks-interviews/068 and not independent corroboration.,12,retain-as-duplicate,Count the canonical close read once.,2026-08-25
school-of-hard-knocks/10-questions-with-a-millionaire/007-prPvzJwgHqg,prPvzJwgHqg,inventory-verified,,,,,pending-substantive-read,,
school-of-hard-knocks/10-questions-with-a-millionaire/008-V6I3R5Z-YZI,V6I3R5Z-YZI,inventory-verified,,,,,pending-substantive-read,,
school-of-hard-knocks/10-questions-with-a-millionaire/009-3K43YBxUp0I,3K43YBxUp0I,inventory-verified,,,,,pending-substantive-read,,
school-of-hard-knocks/10-questions-with-a-millionaire/010-yOSsd1Tpno4,yOSsd1Tpno4,inventory-verified,,,,,pending-substantive-read,,
school-of-hard-knocks/10-questions-with-a-millionaire/011-7Cxfg0N_MUw,7Cxfg0N_MUw,inventory-verified,,,,,pending-substantive-read,,
school-of-hard-knocks/10-questions-with-a-millionaire/012-bmQRL82f-5I,bmQRL82f-5I,inventory-verified,,,,,pending-substantive-read,,
school-of-hard-knocks/10-questions-with-a-millionaire/013-oRqUthcMi6I,oRqUthcMi6I,inventory-verified,,,,,pending-substantive-read,,
school-of-hard-knocks/10-questions-with-a-millionaire/014-lAOliWexJgo,lAOliWexJgo,inventory-verified,,,,,pending-substantive-read,,
school-of-hard-knocks/10-questions-with-a-millionaire/015-uf0Or7n8_bU,uf0Or7n8_bU,inventory-verified,,,,,pending-substantive-read,,
school-of-hard-knocks/10-questions-with-a-millionaire/016-MQv7Te8VmYI,MQv7Te8VmYI,duplicate-covered-by-canonical-record,generated_course_notes/lazyearn/school-of-hard-knocks/hard-knocks-interviews/dynamic_book/editorial/v3/source_cards/problem_03_growth_and_cash.md,expense multiplication;frugality;growth pacing;ownership,Duplicate playlist record of hard-knocks-interviews/132 and not independent corroboration.,11;12;15,retain-as-duplicate,Count the canonical close read once.,2026-08-25
school-of-hard-knocks/10-questions-with-a-millionaire/017-TpVlJpiV6U8,TpVlJpiV6U8,inventory-verified,,,,,pending-substantive-read,,
school-of-hard-knocks/10-questions-with-a-millionaire/018-pTifbfUnsH8,pTifbfUnsH8,inventory-verified,,,,,pending-substantive-read,,
school-of-hard-knocks/10-questions-with-a-millionaire/019-cttsP_8MjEo,cttsP_8MjEo,inventory-verified,,,,,pending-substantive-read,,
school-of-hard-knocks/10-questions-with-a-millionaire/020-AvKXrCCUEMI,AvKXrCCUEMI,inventory-verified,,,,,pending-substantive-read,,
school-of-hard-knocks/10-questions-with-a-millionaire/021-VNtZfU84euk,VNtZfU84euk,inventory-verified,,,,,pending-substantive-read,,
school-of-hard-knocks/10-questions-with-a-millionaire/022-vzDYSrzISzo,vzDYSrzISzo,inventory-verified,,,,,pending-substantive-read,,
school-of-hard-knocks/entrepreneurship/001-4uFVDpGTHPQ,4uFVDpGTHPQ,inventory-verified,,,,,pending-substantive-read,,
school-of-hard-knocks/entrepreneurship/002-mRJN1l_w-Co,mRJN1l_w-Co,inventory-verified,,,,,pending-substantive-read,,
school-of-hard-knocks/entrepreneurship/003-npnyOvchXZs,npnyOvchXZs,inventory-verified,,,,,pending-substantive-read,,
school-of-hard-knocks/entrepreneurship/004-dK5bG5ZE3yI,dK5bG5ZE3yI,inventory-verified,,,,,pending-substantive-read,,
school-of-hard-knocks/entrepreneurship/005-lU-bh2xPl4Y,lU-bh2xPl4Y,inventory-verified,,,,,pending-substantive-read,,
school-of-hard-knocks/entrepreneurship/006-uwh4gWNgb1w,uwh4gWNgb1w,inventory-verified,,,,,pending-substantive-read,,
school-of-hard-knocks/entrepreneurship/007-AUaEd3_JbP8,AUaEd3_JbP8,inventory-verified,,,,,pending-substantive-read,,
school-of-hard-knocks/entrepreneurship/008-DmDeNuTUetE,DmDeNuTUetE,inventory-verified,,,,,pending-substantive-read,,
school-of-hard-knocks/entrepreneurship/009-E_9nX5ReMcY,E_9nX5ReMcY,inventory-verified,,,,,pending-substantive-read,,
school-of-hard-knocks/entrepreneurship/010-yUCRSAWh_ls,yUCRSAWh_ls,inventory-verified,,,,,pending-substantive-read,,
school-of-hard-knocks/entrepreneurship/011-z810EM7Q5Mg,z810EM7Q5Mg,inventory-verified,,,,,pending-substantive-read,,
school-of-hard-knocks/entrepreneurship/012-wOsnxJCy2p8,wOsnxJCy2p8,inventory-verified,,,,,pending-substantive-read,,
school-of-hard-knocks/entrepreneurship/013-hJYkUMV8I_s,hJYkUMV8I_s,inventory-verified,,,,,pending-substantive-read,,
school-of-hard-knocks/entrepreneurship/014-ZdUmqGB-XpA,ZdUmqGB-XpA,inventory-verified,,,,,pending-substantive-read,,
school-of-hard-knocks/entrepreneurship/016-AATw4YRFSw8,AATw4YRFSw8,inventory-verified,,,,,pending-substantive-read,,
school-of-hard-knocks/entrepreneurship/019-aGrMOowjMag,aGrMOowjMag,inventory-verified,,,,,pending-substantive-read,,
school-of-hard-knocks/entrepreneurship/020-t8FXPpfkxQY,t8FXPpfkxQY,inventory-verified,,,,,pending-substantive-read,,
school-of-hard-knocks/entrepreneurship/021-2Q2JgVDvHV0,2Q2JgVDvHV0,inventory-verified,,,,,pending-substantive-read,,
school-of-hard-knocks/entrepreneurship/022-nOL-StM6QnU,nOL-StM6QnU,inventory-verified,,,,,pending-substantive-read,,
school-of-hard-knocks/entrepreneurship/023-zN087p7dHN0,zN087p7dHN0,inventory-verified,,,,,pending-substantive-read,,
school-of-hard-knocks/entrepreneurship/024-7i0D5OMZzw0,7i0D5OMZzw0,inventory-verified,,,,,pending-substantive-read,,
school-of-hard-knocks/entrepreneurship/025-vMcZyzTNoIc,vMcZyzTNoIc,inventory-verified,,,,,pending-substantive-read,,
school-of-hard-knocks/entrepreneurship/026-lXitjVjEhEs,lXitjVjEhEs,inventory-verified,,,,,pending-substantive-read,,
school-of-hard-knocks/entrepreneurship/027-cTs9SgRk4SI,cTs9SgRk4SI,inventory-verified,,,,,pending-substantive-read,,
school-of-hard-knocks/entrepreneurship/028-n5EmUiLNVjg,n5EmUiLNVjg,inventory-verified,,,,,pending-substantive-read,,
school-of-hard-knocks/entrepreneurship/029-iRgdOE8Fags,iRgdOE8Fags,inventory-verified,,,,,pending-substantive-read,,
school-of-hard-knocks/entrepreneurship/030-gBBlX7v0910,gBBlX7v0910,duplicate-covered-by-canonical-record,generated_course_notes/lazyearn/school-of-hard-knocks/hard-knocks-interviews/dynamic_book/editorial/v3/source_cards/problem_04_ownership_and_control.md,creator rights;master ownership;recoupment;debt;vertical integration;control,"Duplicate playlist record of hard-knocks-interviews/031 and not independent corroboration.",12;14,retain-as-duplicate,"Count the canonical close read once.",2026-08-25
school-of-hard-knocks/entrepreneurship/031-TllMBc9YvKk,TllMBc9YvKk,inventory-verified,,,,,pending-substantive-read,,
school-of-hard-knocks/entrepreneurship/032-9QTBl0R_cs8,9QTBl0R_cs8,inventory-verified,,,,,pending-substantive-read,,
school-of-hard-knocks/entrepreneurship/033-EF6-Ed2H2cE,EF6-Ed2H2cE,inventory-verified,,,,,pending-substantive-read,,
school-of-hard-knocks/entrepreneurship/034-7Yx6-8nMbkc,7Yx6-8nMbkc,inventory-verified,,,,,pending-substantive-read,,
school-of-hard-knocks/entrepreneurship/035-9iWLPlPFdBY,9iWLPlPFdBY,inventory-verified,,,,,pending-substantive-read,,
school-of-hard-knocks/entrepreneurship/036-eEg5ZjFxMmU,eEg5ZjFxMmU,inventory-verified,,,,,pending-substantive-read,,
school-of-hard-knocks/entrepreneurship/037-uUwf3HM_bBg,uUwf3HM_bBg,inventory-verified,,,,,pending-substantive-read,,
school-of-hard-knocks/entrepreneurship/038-4fOaAGCuuJU,4fOaAGCuuJU,inventory-verified,,,,,pending-substantive-read,,
school-of-hard-knocks/entrepreneurship/039-q8u9vs2xjg4,q8u9vs2xjg4,inventory-verified,,,,,pending-substantive-read,,
school-of-hard-knocks/entrepreneurship/040-gotxAQD0YkE,gotxAQD0YkE,duplicate-covered-by-canonical-record,generated_course_notes/lazyearn/school-of-hard-knocks/hard-knocks-interviews/dynamic_book/editorial/v3/source_cards/problem_03_growth_and_cash.md,staged growth;retained profit;capacity;control,Duplicate playlist record of hard-knocks-interviews/041 and not independent corroboration.,11;12,retain-as-duplicate,Count the canonical close read once.,2026-08-25
school-of-hard-knocks/entrepreneurship/041-9YldQVM4u-I,9YldQVM4u-I,inventory-verified,,,,,pending-substantive-read,,
school-of-hard-knocks/entrepreneurship/042-uMXIsDecZ3s,uMXIsDecZ3s,inventory-verified,,,,,pending-substantive-read,,
school-of-hard-knocks/entrepreneurship/043-DwrRvp_qsRk,DwrRvp_qsRk,inventory-verified,,,,,pending-substantive-read,,
school-of-hard-knocks/entrepreneurship/044-8wU_31Wamcw,8wU_31Wamcw,inventory-verified,,,,,pending-substantive-read,,
school-of-hard-knocks/entrepreneurship/045-GCXhTFKVHkg,GCXhTFKVHkg,inventory-verified,,,,,pending-substantive-read,,
school-of-hard-knocks/entrepreneurship/046-bfIJxp9ckKU,bfIJxp9ckKU,inventory-verified,,,,,pending-substantive-read,,
school-of-hard-knocks/entrepreneurship/047-nswPe9PAgjo,nswPe9PAgjo,inventory-verified,,,,,pending-substantive-read,,
school-of-hard-knocks/entrepreneurship/048-_sAyC_CLqzg,_sAyC_CLqzg,inventory-verified,,,,,pending-substantive-read,,
school-of-hard-knocks/entrepreneurship/049-gZ0RTpQZf8A,gZ0RTpQZf8A,inventory-verified,,,,,pending-substantive-read,,
school-of-hard-knocks/entrepreneurship/050-5E-lydM23gU,5E-lydM23gU,inventory-verified,,,,,pending-substantive-read,,
school-of-hard-knocks/entrepreneurship/051-vUumRjZX0n8,vUumRjZX0n8,inventory-verified,,,,,pending-substantive-read,,
school-of-hard-knocks/entrepreneurship/052-QJP9OXmI5_4,QJP9OXmI5_4,inventory-verified,,,,,pending-substantive-read,,
school-of-hard-knocks/entrepreneurship/053-Latp0XujNXk,Latp0XujNXk,inventory-verified,,,,,pending-substantive-read,,
school-of-hard-knocks/entrepreneurship/054-bPPc2coTClU,bPPc2coTClU,inventory-verified,,,,,pending-substantive-read,,
school-of-hard-knocks/entrepreneurship/055-22CjsRG0sTc,22CjsRG0sTc,inventory-verified,,,,,pending-substantive-read,,
school-of-hard-knocks/entrepreneurship/056-0I0EPRu3DJ0,0I0EPRu3DJ0,inventory-verified,,,,,pending-substantive-read,,
school-of-hard-knocks/entrepreneurship/057-qQIKf7YQBbA,qQIKf7YQBbA,inventory-verified,,,,,pending-substantive-read,,
school-of-hard-knocks/entrepreneurship/058-ZX_BJKKyDXo,ZX_BJKKyDXo,inventory-verified,,,,,pending-substantive-read,,
school-of-hard-knocks/entrepreneurship/059-JKkwS6FT7wY,JKkwS6FT7wY,inventory-verified,,,,,pending-substantive-read,,
school-of-hard-knocks/entrepreneurship/060-JMIE80d0Aoo,JMIE80d0Aoo,inventory-verified,,,,,pending-substantive-read,,
school-of-hard-knocks/entrepreneurship/061-G_GZbtj0uP8,G_GZbtj0uP8,inventory-verified,,,,,pending-substantive-read,,
school-of-hard-knocks/entrepreneurship/062-HEgFl6N2u4M,HEgFl6N2u4M,inventory-verified,,,,,pending-substantive-read,,
school-of-hard-knocks/entrepreneurship/063-oDJEZ-n9TCM,oDJEZ-n9TCM,inventory-verified,,,,,pending-substantive-read,,
school-of-hard-knocks/entrepreneurship/064-D0utmFm1l0o,D0utmFm1l0o,duplicate-covered-by-canonical-record,generated_course_notes/lazyearn/school-of-hard-knocks/hard-knocks-interviews/dynamic_book/editorial/v3/source_cards/problem_03_growth_and_cash.md,purchase order;capacity;working capital;retailer concentration,Duplicate playlist record of hard-knocks-interviews/065 and not independent corroboration.,11;12,retain-as-duplicate,Count the canonical close read once.,2026-08-25
school-of-hard-knocks/entrepreneurship/065-PWVoNu4ytEA,PWVoNu4ytEA,inventory-verified,,,,,pending-substantive-read,,
school-of-hard-knocks/entrepreneurship/066-IUIG4YG0T-Q,IUIG4YG0T-Q,inventory-verified,,,,,pending-substantive-read,,
school-of-hard-knocks/entrepreneurship/067-d4Yuq3iP5eI,d4Yuq3iP5eI,duplicate-covered-by-canonical-record,generated_course_notes/lazyearn/school-of-hard-knocks/hard-knocks-interviews/dynamic_book/editorial/v3/source_cards/problem_03_growth_and_cash.md,working capital;factoring;retained earnings;bankability,Duplicate playlist record of hard-knocks-interviews/068 and not independent corroboration.,12,retain-as-duplicate,Count the canonical close read once.,2026-08-25
school-of-hard-knocks/entrepreneurship/068-O5R1z_gPCSo,O5R1z_gPCSo,inventory-verified,,,,,pending-substantive-read,,
school-of-hard-knocks/entrepreneurship/069-OtWKuR2hU68,OtWKuR2hU68,inventory-verified,,,,,pending-substantive-read,,
school-of-hard-knocks/entrepreneurship/070-JsEUa3mMGe0,JsEUa3mMGe0,duplicate-covered-by-canonical-record,generated_course_notes/lazyearn/school-of-hard-knocks/hard-knocks-interviews/dynamic_book/editorial/v3/source_cards/problem_04_ownership_and_control.md,growth capital;equity;investor control;focus;survival boundary,"Duplicate playlist record of hard-knocks-interviews/071 and not independent corroboration.",12;14;21,retain-as-duplicate,"Count the canonical close read once.",2026-08-25
school-of-hard-knocks/entrepreneurship/071-9aBfrKtWJc8,9aBfrKtWJc8,inventory-verified,,,,,pending-substantive-read,,
school-of-hard-knocks/entrepreneurship/072-PN9Z4QH8X2w,PN9Z4QH8X2w,inventory-verified,,,,,pending-substantive-read,,
school-of-hard-knocks/entrepreneurship/073-6lmwLam3f4k,6lmwLam3f4k,inventory-verified,,,,,pending-substantive-read,,
school-of-hard-knocks/entrepreneurship/074-90A-xjDipk4,90A-xjDipk4,inventory-verified,,,,,pending-substantive-read,,
school-of-hard-knocks/entrepreneurship/075-sExOe8q1QBc,sExOe8q1QBc,inventory-verified,,,,,pending-substantive-read,,
school-of-hard-knocks/entrepreneurship/076-n7FLA5IZkWA,n7FLA5IZkWA,inventory-verified,,,,,pending-substantive-read,,
school-of-hard-knocks/entrepreneurship/077-9FZ7chhIfUM,9FZ7chhIfUM,inventory-verified,,,,,pending-substantive-read,,
school-of-hard-knocks/entrepreneurship/078-2tRPK9s4p5k,2tRPK9s4p5k,inventory-verified,,,,,pending-substantive-read,,
school-of-hard-knocks/entrepreneurship/079-PFvRtVvP-Bo,PFvRtVvP-Bo,inventory-verified,,,,,pending-substantive-read,,
school-of-hard-knocks/entrepreneurship/080-n3_QuKa208w,n3_QuKa208w,inventory-verified,,,,,pending-substantive-read,,
school-of-hard-knocks/entrepreneurship/081-6WweLDK6oiY,6WweLDK6oiY,inventory-verified,,,,,pending-substantive-read,,
school-of-hard-knocks/entrepreneurship/082-ZFkKWGnm1PA,ZFkKWGnm1PA,inventory-verified,,,,,pending-substantive-read,,
school-of-hard-knocks/entrepreneurship/083-ts5-LCzCUuE,ts5-LCzCUuE,inventory-verified,,,,,pending-substantive-read,,
school-of-hard-knocks/entrepreneurship/084-hRFCQAIa0gA,hRFCQAIa0gA,inventory-verified,,,,,pending-substantive-read,,
school-of-hard-knocks/entrepreneurship/086-eSkosEaDnDw,eSkosEaDnDw,inventory-verified,,,,,pending-substantive-read,,
school-of-hard-knocks/entrepreneurship/087-exeXKslPiDI,exeXKslPiDI,inventory-verified,,,,,pending-substantive-read,,
school-of-hard-knocks/entrepreneurship/088-BaxpJArMn9Y,BaxpJArMn9Y,inventory-verified,,,,,pending-substantive-read,,
school-of-hard-knocks/entrepreneurship/089-prPvzJwgHqg,prPvzJwgHqg,inventory-verified,,,,,pending-substantive-read,,
school-of-hard-knocks/entrepreneurship/090-nReWQdfRSC8,nReWQdfRSC8,inventory-verified,,,,,pending-substantive-read,,
school-of-hard-knocks/entrepreneurship/091-kJ7HiO27n1g,kJ7HiO27n1g,inventory-verified,,,,,pending-substantive-read,,
school-of-hard-knocks/entrepreneurship/092-_5yi6XW4Av8,_5yi6XW4Av8,inventory-verified,,,,,pending-substantive-read,,
school-of-hard-knocks/entrepreneurship/093-YU_58awAISY,YU_58awAISY,inventory-verified,,,,,pending-substantive-read,,
school-of-hard-knocks/entrepreneurship/094-xe3GmH-mBQI,xe3GmH-mBQI,inventory-verified,,,,,pending-substantive-read,,
school-of-hard-knocks/entrepreneurship/095-V6I3R5Z-YZI,V6I3R5Z-YZI,inventory-verified,,,,,pending-substantive-read,,
school-of-hard-knocks/entrepreneurship/096-pBjoezYFA0Y,pBjoezYFA0Y,inventory-verified,,,,,pending-substantive-read,,
school-of-hard-knocks/entrepreneurship/097-3K43YBxUp0I,3K43YBxUp0I,inventory-verified,,,,,pending-substantive-read,,
school-of-hard-knocks/entrepreneurship/098-ZHFNlM0xG4U,ZHFNlM0xG4U,duplicate-covered-by-canonical-record,generated_course_notes/lazyearn/school-of-hard-knocks/hard-knocks-interviews/dynamic_book/editorial/v3/source_cards/problem_04_ownership_and_control.md,skill-to-ownership;facility economics;property;professional duty;life priorities,"Duplicate playlist record of hard-knocks-interviews/100 and not independent corroboration.",10;14;22,retain-as-duplicate,"Count the canonical close read once.",2026-08-25
school-of-hard-knocks/entrepreneurship/099-BP548td2dds,BP548td2dds,inventory-verified,,,,,pending-substantive-read,,
school-of-hard-knocks/entrepreneurship/100-yOSsd1Tpno4,yOSsd1Tpno4,inventory-verified,,,,,pending-substantive-read,,
school-of-hard-knocks/entrepreneurship/101-jJxwJhdKb1s,jJxwJhdKb1s,inventory-verified,,,,,pending-substantive-read,,
school-of-hard-knocks/entrepreneurship/102-7Cxfg0N_MUw,7Cxfg0N_MUw,inventory-verified,,,,,pending-substantive-read,,
school-of-hard-knocks/entrepreneurship/103-H1Dt1Pz-B4g,H1Dt1Pz-B4g,inventory-verified,,,,,pending-substantive-read,,
school-of-hard-knocks/entrepreneurship/104-FLgy1LvYTDI,FLgy1LvYTDI,inventory-verified,,,,,pending-substantive-read,,
school-of-hard-knocks/entrepreneurship/104-S6YifkDH0HQ,S6YifkDH0HQ,inventory-verified,,,,,pending-substantive-read,,
school-of-hard-knocks/entrepreneurship/105-8XbgyWSGcas,8XbgyWSGcas,inventory-verified,,,,,pending-substantive-read,,
school-of-hard-knocks/entrepreneurship/105-bmQRL82f-5I,bmQRL82f-5I,inventory-verified,,,,,pending-substantive-read,,
school-of-hard-knocks/entrepreneurship/106-5hsTRKG6n7Y,5hsTRKG6n7Y,inventory-verified,,,,,pending-substantive-read,,
school-of-hard-knocks/entrepreneurship/106-oRqUthcMi6I,oRqUthcMi6I,inventory-verified,,,,,pending-substantive-read,,
school-of-hard-knocks/entrepreneurship/107-7Puxlnn6Pb4,7Puxlnn6Pb4,inventory-verified,,,,,pending-substantive-read,,
school-of-hard-knocks/entrepreneurship/107-lAOliWexJgo,lAOliWexJgo,inventory-verified,,,,,pending-substantive-read,,
school-of-hard-knocks/entrepreneurship/108-OFJodgaiKeM,OFJodgaiKeM,inventory-verified,,,,,pending-substantive-read,,
school-of-hard-knocks/entrepreneurship/109-Xs5VEt3IWFk,Xs5VEt3IWFk,inventory-verified,,,,,pending-substantive-read,,
school-of-hard-knocks/entrepreneurship/110-oEty--1-O3Q,oEty--1-O3Q,inventory-verified,,,,,pending-substantive-read,,
school-of-hard-knocks/entrepreneurship/111-KdXTQsTPyE0,KdXTQsTPyE0,inventory-verified,,,,,pending-substantive-read,,
school-of-hard-knocks/entrepreneurship/112-GA9oIN2IwdY,GA9oIN2IwdY,inventory-verified,,,,,pending-substantive-read,,
school-of-hard-knocks/entrepreneurship/113-RJo95rA1gdw,RJo95rA1gdw,inventory-verified,,,,,pending-substantive-read,,
school-of-hard-knocks/entrepreneurship/114-6rmD4eHAa_k,6rmD4eHAa_k,inventory-verified,,,,,pending-substantive-read,,
school-of-hard-knocks/entrepreneurship/115-gSZIsJZlXPU,gSZIsJZlXPU,inventory-verified,,,,,pending-substantive-read,,
school-of-hard-knocks/entrepreneurship/116-t53JzAN3uUM,t53JzAN3uUM,inventory-verified,,,,,pending-substantive-read,,
school-of-hard-knocks/entrepreneurship/117-f9rQREvJ5Fo,f9rQREvJ5Fo,inventory-verified,,,,,pending-substantive-read,,
school-of-hard-knocks/entrepreneurship/118-gNx5dB_UH-I,gNx5dB_UH-I,inventory-verified,,,,,pending-substantive-read,,
school-of-hard-knocks/entrepreneurship/119-LwW50WwwZTw,LwW50WwwZTw,inventory-verified,,,,,pending-substantive-read,,
school-of-hard-knocks/entrepreneurship/120-oZyxlMtRsQo,oZyxlMtRsQo,inventory-verified,,,,,pending-substantive-read,,
school-of-hard-knocks/entrepreneurship/121-EAfIDu1N1QY,EAfIDu1N1QY,inventory-verified,,,,,pending-substantive-read,,
school-of-hard-knocks/entrepreneurship/122-QqY_ml5DLzc,QqY_ml5DLzc,inventory-verified,,,,,pending-substantive-read,,
school-of-hard-knocks/entrepreneurship/123-yNgV3R2xjyE,yNgV3R2xjyE,inventory-verified,,,,,pending-substantive-read,,
school-of-hard-knocks/entrepreneurship/124-VOkuyQR4Udo,VOkuyQR4Udo,inventory-verified,,,,,pending-substantive-read,,
school-of-hard-knocks/entrepreneurship/125-jCbfgQGFfvg,jCbfgQGFfvg,inventory-verified,,,,,pending-substantive-read,,
school-of-hard-knocks/entrepreneurship/126-KPKcfUlNAMI,KPKcfUlNAMI,inventory-verified,,,,,pending-substantive-read,,
school-of-hard-knocks/entrepreneurship/127-AF945BL9xFI,AF945BL9xFI,inventory-verified,,,,,pending-substantive-read,,
school-of-hard-knocks/entrepreneurship/128-1Wh-_7xDprg,1Wh-_7xDprg,inventory-verified,,,,,pending-substantive-read,,
school-of-hard-knocks/entrepreneurship/129-pU2d_sZVaww,pU2d_sZVaww,inventory-verified,,,,,pending-substantive-read,,
school-of-hard-knocks/entrepreneurship/130-cldjQSOMmNg,cldjQSOMmNg,inventory-verified,,,,,pending-substantive-read,,
school-of-hard-knocks/entrepreneurship/131-ABAPpZ5vl8A,ABAPpZ5vl8A,inventory-verified,,,,,pending-substantive-read,,
school-of-hard-knocks/entrepreneurship/132-KAgLCV--VMI,KAgLCV--VMI,inventory-verified,,,,,pending-substantive-read,,
school-of-hard-knocks/entrepreneurship/133-KTcY1cXmcIk,KTcY1cXmcIk,inventory-verified,,,,,pending-substantive-read,,
school-of-hard-knocks/entrepreneurship/134-49rEHJ3nMwY,49rEHJ3nMwY,inventory-verified,,,,,pending-substantive-read,,
school-of-hard-knocks/entrepreneurship/145-C2lgZOIPp8c,C2lgZOIPp8c,inventory-verified,,,,,pending-substantive-read,,
school-of-hard-knocks/entrepreneurship/145-e38FC689mXA,e38FC689mXA,inventory-verified,,,,,pending-substantive-read,,
school-of-hard-knocks/entrepreneurship/146-1m7ERHu13sc,1m7ERHu13sc,inventory-verified,,,,,pending-substantive-read,,
school-of-hard-knocks/entrepreneurship/146-ml6tMccO2xE,ml6tMccO2xE,inventory-verified,,,,,pending-substantive-read,,
school-of-hard-knocks/entrepreneurship/147-3G79t-mcgJ8,3G79t-mcgJ8,duplicate-covered-by-canonical-record,generated_course_notes/lazyearn/school-of-hard-knocks/hard-knocks-interviews/dynamic_book/editorial/v3/source_cards/problem_02_customer_evidence.md,decision-maker discovery;pilot commitment;MVP,"Duplicate playlist record of hard-knocks-interviews/114; not independent corroboration.",5;6,retain-as-duplicate,"Count the canonical close read once.",2026-08-25
school-of-hard-knocks/entrepreneurship/147-__CY9eanfV4,__CY9eanfV4,inventory-verified,,,,,pending-substantive-read,,
school-of-hard-knocks/entrepreneurship/148-w1bpdHouHpI,w1bpdHouHpI,inventory-verified,,,,,pending-substantive-read,,
school-of-hard-knocks/entrepreneurship/150-Kq4nx8DLrpY,Kq4nx8DLrpY,inventory-verified,,,,,pending-substantive-read,,
school-of-hard-knocks/entrepreneurship/151-MtvcqGNGev8,MtvcqGNGev8,duplicate-covered-by-canonical-record,generated_course_notes/lazyearn/school-of-hard-knocks/hard-knocks-interviews/dynamic_book/editorial/v3/source_cards/problem_02_customer_evidence.md,sales evidence;sunk cost;customer conversations,"Duplicate playlist record of hard-knocks-interviews/118; not independent corroboration.",5;6;8,retain-as-duplicate,"Count the canonical close read once.",2026-08-25
school-of-hard-knocks/entrepreneurship/152-3aG9DVb6vBs,3aG9DVb6vBs,inventory-verified,,,,,pending-substantive-read,,
school-of-hard-knocks/entrepreneurship/153-1NvSd_heJxE,1NvSd_heJxE,inventory-verified,,,,,pending-substantive-read,,
school-of-hard-knocks/entrepreneurship/153-Iw7huxwfHRM,Iw7huxwfHRM,inventory-verified,,,,,pending-substantive-read,,
school-of-hard-knocks/entrepreneurship/154-JiF92PVjOZc,JiF92PVjOZc,inventory-verified,,,,,pending-substantive-read,,
school-of-hard-knocks/entrepreneurship/154-RGt99we0cGA,RGt99we0cGA,inventory-verified,,,,,pending-substantive-read,,
school-of-hard-knocks/entrepreneurship/155-_wo0ox2mSjc,_wo0ox2mSjc,inventory-verified,,,,,pending-substantive-read,,
school-of-hard-knocks/entrepreneurship/156-N_KjHR6cKC8,N_KjHR6cKC8,inventory-verified,,,,,pending-substantive-read,,
school-of-hard-knocks/entrepreneurship/158-6zKF1LZFn8Q,6zKF1LZFn8Q,inventory-verified,,,,,pending-substantive-read,,
school-of-hard-knocks/entrepreneurship/159-uf0Or7n8_bU,uf0Or7n8_bU,inventory-verified,,,,,pending-substantive-read,,
school-of-hard-knocks/entrepreneurship/160-O_pe_5L769E,O_pe_5L769E,inventory-verified,,,,,pending-substantive-read,,
school-of-hard-knocks/entrepreneurship/161-MQv7Te8VmYI,MQv7Te8VmYI,duplicate-covered-by-canonical-record,generated_course_notes/lazyearn/school-of-hard-knocks/hard-knocks-interviews/dynamic_book/editorial/v3/source_cards/problem_03_growth_and_cash.md,expense multiplication;frugality;growth pacing;ownership,Duplicate playlist record of hard-knocks-interviews/132 and not independent corroboration.,11;12;15,retain-as-duplicate,Count the canonical close read once.,2026-08-25
school-of-hard-knocks/entrepreneurship/162-BT6YGOROV6c,BT6YGOROV6c,inventory-verified,,,,,pending-substantive-read,,
school-of-hard-knocks/entrepreneurship/163-37qvYddjCBc,37qvYddjCBc,inventory-verified,,,,,pending-substantive-read,,
school-of-hard-knocks/entrepreneurship/163-TpVlJpiV6U8,TpVlJpiV6U8,inventory-verified,,,,,pending-substantive-read,,
school-of-hard-knocks/entrepreneurship/164-nsxlR1fi_tk,nsxlR1fi_tk,inventory-verified,,,,,pending-substantive-read,,
school-of-hard-knocks/entrepreneurship/165-0ccWUHrUREo,0ccWUHrUREo,inventory-verified,,,,,pending-substantive-read,,
school-of-hard-knocks/entrepreneurship/166--JCDcoXil4U,-JCDcoXil4U,inventory-verified,,,,,pending-substantive-read,,
school-of-hard-knocks/entrepreneurship/166-pTifbfUnsH8,pTifbfUnsH8,inventory-verified,,,,,pending-substantive-read,,
school-of-hard-knocks/entrepreneurship/167-Y3brjwOs3gA,Y3brjwOs3gA,inventory-verified,,,,,pending-substantive-read,,
school-of-hard-knocks/entrepreneurship/168-cttsP_8MjEo,cttsP_8MjEo,inventory-verified,,,,,pending-substantive-read,,
school-of-hard-knocks/entrepreneurship/168-mQenPbfmECk,mQenPbfmECk,inventory-verified,,,,,pending-substantive-read,,
school-of-hard-knocks/entrepreneurship/169-lvAYo3DBBxU,lvAYo3DBBxU,inventory-verified,,,,,pending-substantive-read,,
school-of-hard-knocks/entrepreneurship/170-AvKXrCCUEMI,AvKXrCCUEMI,inventory-verified,,,,,pending-substantive-read,,
school-of-hard-knocks/entrepreneurship/170-MRIJjEbJS7s,MRIJjEbJS7s,inventory-verified,,,,,pending-substantive-read,,
school-of-hard-knocks/entrepreneurship/171-81dWG1gor4I,81dWG1gor4I,inventory-verified,,,,,pending-substantive-read,,
school-of-hard-knocks/entrepreneurship/171-VNtZfU84euk,VNtZfU84euk,inventory-verified,,,,,pending-substantive-read,,
school-of-hard-knocks/entrepreneurship/172-Ize5BerUM74,Ize5BerUM74,inventory-verified,,,,,pending-substantive-read,,
school-of-hard-knocks/entrepreneurship/172-vzDYSrzISzo,vzDYSrzISzo,inventory-verified,,,,,pending-substantive-read,,
school-of-hard-knocks/entrepreneurship/173-jR6g__ogNkc,jR6g__ogNkc,inventory-verified,,,,,pending-substantive-read,,
school-of-hard-knocks/entrepreneurship/173-ypEYnZ8bTec,ypEYnZ8bTec,inventory-verified,,,,,pending-substantive-read,,
school-of-hard-knocks/entrepreneurship/174-h85y36g5vP8,h85y36g5vP8,inventory-verified,,,,,pending-substantive-read,,
school-of-hard-knocks/entrepreneurship/175-1SzDCdlUPCc,1SzDCdlUPCc,inventory-verified,,,,,pending-substantive-read,,
school-of-hard-knocks/entrepreneurship/176-yQfItKAlNIM,yQfItKAlNIM,inventory-verified,,,,,pending-substantive-read,,
school-of-hard-knocks/entrepreneurship/177-pBzmIEVpSiI,pBzmIEVpSiI,inventory-verified,,,,,pending-substantive-read,,
school-of-hard-knocks/entrepreneurship/178-InwiIbuE3WQ,InwiIbuE3WQ,inventory-verified,,,,,pending-substantive-read,,
school-of-hard-knocks/entrepreneurship/179-DkwsSB-B12Q,DkwsSB-B12Q,inventory-verified,,,,,pending-substantive-read,,
school-of-hard-knocks/hard-knocks-interviews/001-4uFVDpGTHPQ,4uFVDpGTHPQ,inventory-verified,,,,,pending-substantive-read,,
school-of-hard-knocks/hard-knocks-interviews/002-mRJN1l_w-Co,mRJN1l_w-Co,inventory-verified,,,,,pending-substantive-read,,
school-of-hard-knocks/hard-knocks-interviews/003-npnyOvchXZs,npnyOvchXZs,inventory-verified,,,,,pending-substantive-read,,
school-of-hard-knocks/hard-knocks-interviews/004-dK5bG5ZE3yI,dK5bG5ZE3yI,inventory-verified,,,,,pending-substantive-read,,
school-of-hard-knocks/hard-knocks-interviews/005-rrDdi0vZn00,rrDdi0vZn00,inventory-verified,,,,,pending-substantive-read,,
school-of-hard-knocks/hard-knocks-interviews/006-lU-bh2xPl4Y,lU-bh2xPl4Y,inventory-verified,,,,,pending-substantive-read,,
school-of-hard-knocks/hard-knocks-interviews/007-uwh4gWNgb1w,uwh4gWNgb1w,inventory-verified,,,,,pending-substantive-read,,
school-of-hard-knocks/hard-knocks-interviews/008-AUaEd3_JbP8,AUaEd3_JbP8,inventory-verified,,,,,pending-substantive-read,,
school-of-hard-knocks/hard-knocks-interviews/009-DmDeNuTUetE,DmDeNuTUetE,inventory-verified,,,,,pending-substantive-read,,
school-of-hard-knocks/hard-knocks-interviews/010-E_9nX5ReMcY,E_9nX5ReMcY,inventory-verified,,,,,pending-substantive-read,,
school-of-hard-knocks/hard-knocks-interviews/011-yUCRSAWh_ls,yUCRSAWh_ls,inventory-verified,,,,,pending-substantive-read,,
school-of-hard-knocks/hard-knocks-interviews/012-z810EM7Q5Mg,z810EM7Q5Mg,inventory-verified,,,,,pending-substantive-read,,
school-of-hard-knocks/hard-knocks-interviews/013-wOsnxJCy2p8,wOsnxJCy2p8,inventory-verified,,,,,pending-substantive-read,,
school-of-hard-knocks/hard-knocks-interviews/014-hJYkUMV8I_s,hJYkUMV8I_s,inventory-verified,,,,,pending-substantive-read,,
school-of-hard-knocks/hard-knocks-interviews/015-ZdUmqGB-XpA,ZdUmqGB-XpA,inventory-verified,,,,,pending-substantive-read,,
school-of-hard-knocks/hard-knocks-interviews/017-AATw4YRFSw8,AATw4YRFSw8,inventory-verified,,,,,pending-substantive-read,,
school-of-hard-knocks/hard-knocks-interviews/020-aGrMOowjMag,aGrMOowjMag,inventory-verified,,,,,pending-substantive-read,,
school-of-hard-knocks/hard-knocks-interviews/021-t8FXPpfkxQY,t8FXPpfkxQY,inventory-verified,,,,,pending-substantive-read,,
school-of-hard-knocks/hard-knocks-interviews/022-2Q2JgVDvHV0,2Q2JgVDvHV0,inventory-verified,,,,,pending-substantive-read,,
school-of-hard-knocks/hard-knocks-interviews/023-nOL-StM6QnU,nOL-StM6QnU,inventory-verified,,,,,pending-substantive-read,,
school-of-hard-knocks/hard-knocks-interviews/024-zN087p7dHN0,zN087p7dHN0,inventory-verified,,,,,pending-substantive-read,,
school-of-hard-knocks/hard-knocks-interviews/025-7i0D5OMZzw0,7i0D5OMZzw0,inventory-verified,,,,,pending-substantive-read,,
school-of-hard-knocks/hard-knocks-interviews/026-vMcZyzTNoIc,vMcZyzTNoIc,inventory-verified,,,,,pending-substantive-read,,
school-of-hard-knocks/hard-knocks-interviews/027-lXitjVjEhEs,lXitjVjEhEs,inventory-verified,,,,,pending-substantive-read,,
school-of-hard-knocks/hard-knocks-interviews/028-cTs9SgRk4SI,cTs9SgRk4SI,inventory-verified,,,,,pending-substantive-read,,
school-of-hard-knocks/hard-knocks-interviews/029-n5EmUiLNVjg,n5EmUiLNVjg,inventory-verified,,,,,pending-substantive-read,,
school-of-hard-knocks/hard-knocks-interviews/030-iRgdOE8Fags,iRgdOE8Fags,inventory-verified,,,,,pending-substantive-read,,
school-of-hard-knocks/hard-knocks-interviews/031-gBBlX7v0910,gBBlX7v0910,focused-close-read,generated_course_notes/lazyearn/school-of-hard-knocks/hard-knocks-interviews/dynamic_book/editorial/v3/source_cards/problem_04_ownership_and_control.md,creator rights;master ownership;recoupment;debt;vertical integration;control,"A master is not every right in a song the monetary claims are reported and a debt-free mature manufacturer is not a universal capital template.",12;14,integrate-rights-and-control-cases,"Use Russ to name the actual rights and the beverage founder as a control-and-pacing counterexample while preserving attributed terms and limits.",2026-08-25
school-of-hard-knocks/hard-knocks-interviews/032-TllMBc9YvKk,TllMBc9YvKk,inventory-verified,,,,,pending-substantive-read,,
school-of-hard-knocks/hard-knocks-interviews/033-9QTBl0R_cs8,9QTBl0R_cs8,inventory-verified,,,,,pending-substantive-read,,
school-of-hard-knocks/hard-knocks-interviews/034-EF6-Ed2H2cE,EF6-Ed2H2cE,inventory-verified,,,,,pending-substantive-read,,
school-of-hard-knocks/hard-knocks-interviews/035-7Yx6-8nMbkc,7Yx6-8nMbkc,inventory-verified,,,,,pending-substantive-read,,
school-of-hard-knocks/hard-knocks-interviews/036-9iWLPlPFdBY,9iWLPlPFdBY,inventory-verified,,,,,pending-substantive-read,,
school-of-hard-knocks/hard-knocks-interviews/037-eEg5ZjFxMmU,eEg5ZjFxMmU,inventory-verified,,,,,pending-substantive-read,,
school-of-hard-knocks/hard-knocks-interviews/038-uUwf3HM_bBg,uUwf3HM_bBg,inventory-verified,,,,,pending-substantive-read,,
school-of-hard-knocks/hard-knocks-interviews/039-4fOaAGCuuJU,4fOaAGCuuJU,inventory-verified,,,,,pending-substantive-read,,
school-of-hard-knocks/hard-knocks-interviews/040-q8u9vs2xjg4,q8u9vs2xjg4,inventory-verified,,,,,pending-substantive-read,,
school-of-hard-knocks/hard-knocks-interviews/041-gotxAQD0YkE,gotxAQD0YkE,focused-close-read,generated_course_notes/lazyearn/school-of-hard-knocks/hard-knocks-interviews/dynamic_book/editorial/v3/source_cards/problem_03_growth_and_cash.md,staged growth;retained profit;capacity;control,Organic pacing is one route and can be too slow or capital-limited in other markets.,11;12,integrate-pacing-counterclaim,Use the one-truck and five-ten-fifteen sequence as a counterweight to growth as an end in itself.,2026-08-25
school-of-hard-knocks/hard-knocks-interviews/042-9YldQVM4u-I,9YldQVM4u-I,inventory-verified,,,,,pending-substantive-read,,
school-of-hard-knocks/hard-knocks-interviews/043-uMXIsDecZ3s,uMXIsDecZ3s,inventory-verified,,,,,pending-substantive-read,,
school-of-hard-knocks/hard-knocks-interviews/044-DwrRvp_qsRk,DwrRvp_qsRk,inventory-verified,,,,,pending-substantive-read,,
school-of-hard-knocks/hard-knocks-interviews/045-8wU_31Wamcw,8wU_31Wamcw,inventory-verified,,,,,pending-substantive-read,,
school-of-hard-knocks/hard-knocks-interviews/046-GCXhTFKVHkg,GCXhTFKVHkg,inventory-verified,,,,,pending-substantive-read,,
school-of-hard-knocks/hard-knocks-interviews/047-bfIJxp9ckKU,bfIJxp9ckKU,inventory-verified,,,,,pending-substantive-read,,
school-of-hard-knocks/hard-knocks-interviews/048-nswPe9PAgjo,nswPe9PAgjo,inventory-verified,,,,,pending-substantive-read,,
school-of-hard-knocks/hard-knocks-interviews/049-_sAyC_CLqzg,_sAyC_CLqzg,inventory-verified,,,,,pending-substantive-read,,
school-of-hard-knocks/hard-knocks-interviews/050-gZ0RTpQZf8A,gZ0RTpQZf8A,inventory-verified,,,,,pending-substantive-read,,
school-of-hard-knocks/hard-knocks-interviews/051-5E-lydM23gU,5E-lydM23gU,inventory-verified,,,,,pending-substantive-read,,
school-of-hard-knocks/hard-knocks-interviews/052-vUumRjZX0n8,vUumRjZX0n8,inventory-verified,,,,,pending-substantive-read,,
school-of-hard-knocks/hard-knocks-interviews/053-QJP9OXmI5_4,QJP9OXmI5_4,inventory-verified,,,,,pending-substantive-read,,
school-of-hard-knocks/hard-knocks-interviews/054-Latp0XujNXk,Latp0XujNXk,inventory-verified,,,,,pending-substantive-read,,
school-of-hard-knocks/hard-knocks-interviews/055-bPPc2coTClU,bPPc2coTClU,inventory-verified,,,,,pending-substantive-read,,
school-of-hard-knocks/hard-knocks-interviews/056-22CjsRG0sTc,22CjsRG0sTc,inventory-verified,,,,,pending-substantive-read,,
school-of-hard-knocks/hard-knocks-interviews/057-0I0EPRu3DJ0,0I0EPRu3DJ0,inventory-verified,,,,,pending-substantive-read,,
school-of-hard-knocks/hard-knocks-interviews/058-qQIKf7YQBbA,qQIKf7YQBbA,inventory-verified,,,,,pending-substantive-read,,
school-of-hard-knocks/hard-knocks-interviews/059-ZX_BJKKyDXo,ZX_BJKKyDXo,inventory-verified,,,,,pending-substantive-read,,
school-of-hard-knocks/hard-knocks-interviews/060-JKkwS6FT7wY,JKkwS6FT7wY,inventory-verified,,,,,pending-substantive-read,,
school-of-hard-knocks/hard-knocks-interviews/061-JMIE80d0Aoo,JMIE80d0Aoo,inventory-verified,,,,,pending-substantive-read,,
school-of-hard-knocks/hard-knocks-interviews/062-G_GZbtj0uP8,G_GZbtj0uP8,inventory-verified,,,,,pending-substantive-read,,
school-of-hard-knocks/hard-knocks-interviews/063-HEgFl6N2u4M,HEgFl6N2u4M,inventory-verified,,,,,pending-substantive-read,,
school-of-hard-knocks/hard-knocks-interviews/064-oDJEZ-n9TCM,oDJEZ-n9TCM,inventory-verified,,,,,pending-substantive-read,,
school-of-hard-knocks/hard-knocks-interviews/065-D0utmFm1l0o,D0utmFm1l0o,focused-close-read,generated_course_notes/lazyearn/school-of-hard-knocks/hard-knocks-interviews/dynamic_book/editorial/v3/source_cards/problem_03_growth_and_cash.md,purchase order;capacity;working capital;retailer concentration,The one-hundred-rack example is rough testimony and a purchase order does not guarantee acceptance margin or collection.,11;12,integrate-capacity-warning,Keep the gift-and-curse contrast to show why paid demand still requires financed delivery capacity.,2026-08-25
school-of-hard-knocks/hard-knocks-interviews/066-PWVoNu4ytEA,PWVoNu4ytEA,inventory-verified,,,,,pending-substantive-read,,
school-of-hard-knocks/hard-knocks-interviews/067-IUIG4YG0T-Q,IUIG4YG0T-Q,inventory-verified,,,,,pending-substantive-read,,
school-of-hard-knocks/hard-knocks-interviews/068-d4Yuq3iP5eI,d4Yuq3iP5eI,focused-close-read,generated_course_notes/lazyearn/school-of-hard-knocks/hard-knocks-interviews/dynamic_book/editorial/v3/source_cards/problem_03_growth_and_cash.md,working capital;factoring;retained earnings;bankability,The contract and financing figures are reported estimates and factoring cost depends on duration recourse reserve disputes and fees.,12,integrate-narrative-spine,Retain the contract that creates both demand and insolvency risk and explain the timing gap without normalizing its financing terms.,2026-08-25
school-of-hard-knocks/hard-knocks-interviews/069-O5R1z_gPCSo,O5R1z_gPCSo,inventory-verified,,,,,pending-substantive-read,,
school-of-hard-knocks/hard-knocks-interviews/070-OtWKuR2hU68,OtWKuR2hU68,inventory-verified,,,,,pending-substantive-read,,
school-of-hard-knocks/hard-knocks-interviews/071-JsEUa3mMGe0,JsEUa3mMGe0,focused-close-read,generated_course_notes/lazyearn/school-of-hard-knocks/hard-knocks-interviews/dynamic_book/editorial/v3/source_cards/problem_04_ownership_and_control.md,growth capital;equity;investor control;focus;survival boundary,"Equity can fit one cash cycle and still transfer control while the categorical rejection of a Plan B is unsafe and unsupported.",12;14;21,integrate-capital-control-contradiction,"Pair the need for growth capital with the warning about a dominant investor and explicitly retain a survival boundary.",2026-08-25
school-of-hard-knocks/hard-knocks-interviews/072-9aBfrKtWJc8,9aBfrKtWJc8,inventory-verified,,,,,pending-substantive-read,,
school-of-hard-knocks/hard-knocks-interviews/073-PN9Z4QH8X2w,PN9Z4QH8X2w,inventory-verified,,,,,pending-substantive-read,,
school-of-hard-knocks/hard-knocks-interviews/074-6lmwLam3f4k,6lmwLam3f4k,inventory-verified,,,,,pending-substantive-read,,
school-of-hard-knocks/hard-knocks-interviews/075-90A-xjDipk4,90A-xjDipk4,inventory-verified,,,,,pending-substantive-read,,
school-of-hard-knocks/hard-knocks-interviews/076-sExOe8q1QBc,sExOe8q1QBc,inventory-verified,,,,,pending-substantive-read,,
school-of-hard-knocks/hard-knocks-interviews/077-n7FLA5IZkWA,n7FLA5IZkWA,inventory-verified,,,,,pending-substantive-read,,
school-of-hard-knocks/hard-knocks-interviews/078-9FZ7chhIfUM,9FZ7chhIfUM,inventory-verified,,,,,pending-substantive-read,,
school-of-hard-knocks/hard-knocks-interviews/079-2tRPK9s4p5k,2tRPK9s4p5k,inventory-verified,,,,,pending-substantive-read,,
school-of-hard-knocks/hard-knocks-interviews/080-PFvRtVvP-Bo,PFvRtVvP-Bo,inventory-verified,,,,,pending-substantive-read,,
school-of-hard-knocks/hard-knocks-interviews/081-n3_QuKa208w,n3_QuKa208w,inventory-verified,,,,,pending-substantive-read,,
school-of-hard-knocks/hard-knocks-interviews/082-6WweLDK6oiY,6WweLDK6oiY,inventory-verified,,,,,pending-substantive-read,,
school-of-hard-knocks/hard-knocks-interviews/083-ZFkKWGnm1PA,ZFkKWGnm1PA,inventory-verified,,,,,pending-substantive-read,,
school-of-hard-knocks/hard-knocks-interviews/084-ts5-LCzCUuE,ts5-LCzCUuE,inventory-verified,,,,,pending-substantive-read,,
school-of-hard-knocks/hard-knocks-interviews/085-hRFCQAIa0gA,hRFCQAIa0gA,inventory-verified,,,,,pending-substantive-read,,
school-of-hard-knocks/hard-knocks-interviews/087-eSkosEaDnDw,eSkosEaDnDw,inventory-verified,,,,,pending-substantive-read,,
school-of-hard-knocks/hard-knocks-interviews/088-exeXKslPiDI,exeXKslPiDI,inventory-verified,,,,,pending-substantive-read,,
school-of-hard-knocks/hard-knocks-interviews/089-BaxpJArMn9Y,BaxpJArMn9Y,inventory-verified,,,,,pending-substantive-read,,
school-of-hard-knocks/hard-knocks-interviews/090-prPvzJwgHqg,prPvzJwgHqg,inventory-verified,,,,,pending-substantive-read,,
school-of-hard-knocks/hard-knocks-interviews/091-nReWQdfRSC8,nReWQdfRSC8,inventory-verified,,,,,pending-substantive-read,,
school-of-hard-knocks/hard-knocks-interviews/092-kJ7HiO27n1g,kJ7HiO27n1g,inventory-verified,,,,,pending-substantive-read,,
school-of-hard-knocks/hard-knocks-interviews/093-_5yi6XW4Av8,_5yi6XW4Av8,inventory-verified,,,,,pending-substantive-read,,
school-of-hard-knocks/hard-knocks-interviews/094-YU_58awAISY,YU_58awAISY,inventory-verified,,,,,pending-substantive-read,,
school-of-hard-knocks/hard-knocks-interviews/095-xe3GmH-mBQI,xe3GmH-mBQI,inventory-verified,,,,,pending-substantive-read,,
school-of-hard-knocks/hard-knocks-interviews/096-V6I3R5Z-YZI,V6I3R5Z-YZI,inventory-verified,,,,,pending-substantive-read,,
school-of-hard-knocks/hard-knocks-interviews/097-G2kqG3kDdGo,G2kqG3kDdGo,inventory-verified,,,,,pending-substantive-read,,
school-of-hard-knocks/hard-knocks-interviews/098-pBjoezYFA0Y,pBjoezYFA0Y,inventory-verified,,,,,pending-substantive-read,,
school-of-hard-knocks/hard-knocks-interviews/099-3K43YBxUp0I,3K43YBxUp0I,inventory-verified,,,,,pending-substantive-read,,
school-of-hard-knocks/hard-knocks-interviews/100-ZHFNlM0xG4U,ZHFNlM0xG4U,focused-close-read,generated_course_notes/lazyearn/school-of-hard-knocks/hard-knocks-interviews/dynamic_book/editorial/v3/source_cards/problem_04_ownership_and_control.md,skill-to-ownership;facility economics;property;professional duty;life priorities,"Facility and referral ownership can create operating burden concentration and professional conflicts and should not become a universal own-everything rule.",10;14;22,integrate-narrative-spine,"Retain the surgeon's distinction between wages and owned productive systems while naming the duties and eventual liquidity choice.",2026-08-25
school-of-hard-knocks/hard-knocks-interviews/101-BP548td2dds,BP548td2dds,inventory-verified,,,,,pending-substantive-read,,
school-of-hard-knocks/hard-knocks-interviews/102-yOSsd1Tpno4,yOSsd1Tpno4,inventory-verified,,,,,pending-substantive-read,,
school-of-hard-knocks/hard-knocks-interviews/103-jJxwJhdKb1s,jJxwJhdKb1s,inventory-verified,,,,,pending-substantive-read,,
school-of-hard-knocks/hard-knocks-interviews/104-7Cxfg0N_MUw,7Cxfg0N_MUw,inventory-verified,,,,,pending-substantive-read,,
school-of-hard-knocks/hard-knocks-interviews/105-H1Dt1Pz-B4g,H1Dt1Pz-B4g,inventory-verified,,,,,pending-substantive-read,,
school-of-hard-knocks/hard-knocks-interviews/106-FLgy1LvYTDI,FLgy1LvYTDI,inventory-verified,,,,,pending-substantive-read,,
school-of-hard-knocks/hard-knocks-interviews/107-bmQRL82f-5I,bmQRL82f-5I,inventory-verified,,,,,pending-substantive-read,,
school-of-hard-knocks/hard-knocks-interviews/108-oRqUthcMi6I,oRqUthcMi6I,inventory-verified,,,,,pending-substantive-read,,
school-of-hard-knocks/hard-knocks-interviews/109-efJj9j2NRJg,efJj9j2NRJg,inventory-verified,,,,,pending-substantive-read,,
school-of-hard-knocks/hard-knocks-interviews/110-lAOliWexJgo,lAOliWexJgo,inventory-verified,,,,,pending-substantive-read,,
school-of-hard-knocks/hard-knocks-interviews/111-O_FWBldliEo,O_FWBldliEo,inventory-verified,,,,,pending-substantive-read,,
school-of-hard-knocks/hard-knocks-interviews/112-C2lgZOIPp8c,C2lgZOIPp8c,inventory-verified,,,,,pending-substantive-read,,
school-of-hard-knocks/hard-knocks-interviews/113-1m7ERHu13sc,1m7ERHu13sc,inventory-verified,,,,,pending-substantive-read,,
school-of-hard-knocks/hard-knocks-interviews/114-3G79t-mcgJ8,3G79t-mcgJ8,focused-close-read,generated_course_notes/lazyearn/school-of-hard-knocks/hard-knocks-interviews/dynamic_book/editorial/v3/source_cards/problem_02_customer_evidence.md,decision-maker discovery;problem consequence;pilot commitment;MVP,"Pilot interest is not payment or retention; an early product must still meet safety privacy and legal duties.",5;6;8,integrate-narrative-spine,"Retain Abraham's sequence and place it on the evidence ladder rather than treating a pilot as final validation.",2026-08-25
school-of-hard-knocks/hard-knocks-interviews/115-w1bpdHouHpI,w1bpdHouHpI,inventory-verified,,,,,pending-substantive-read,,
school-of-hard-knocks/hard-knocks-interviews/117-Kq4nx8DLrpY,Kq4nx8DLrpY,inventory-verified,,,,,pending-substantive-read,,
school-of-hard-knocks/hard-knocks-interviews/118-MtvcqGNGev8,MtvcqGNGev8,focused-close-read,generated_course_notes/lazyearn/school-of-hard-knocks/hard-knocks-interviews/dynamic_book/editorial/v3/source_cards/problem_02_customer_evidence.md,sales evidence;sunk cost;customer conversations;repeatability,"Sales are not the only indicator; one sale does not prove retention margin safety or scale.",5;6;8;11;12,integrate-narrative-counterclaim,"Use Meroff's paid-demand test while explicitly narrowing what one transaction establishes.",2026-08-25
school-of-hard-knocks/hard-knocks-interviews/119-3aG9DVb6vBs,3aG9DVb6vBs,inventory-verified,,,,,pending-substantive-read,,
school-of-hard-knocks/hard-knocks-interviews/120-Iw7huxwfHRM,Iw7huxwfHRM,inventory-verified,,,,,pending-substantive-read,,
school-of-hard-knocks/hard-knocks-interviews/121-RGt99we0cGA,RGt99we0cGA,inventory-verified,,,,,pending-substantive-read,,
school-of-hard-knocks/hard-knocks-interviews/122-_wo0ox2mSjc,_wo0ox2mSjc,inventory-verified,,,,,pending-substantive-read,,
school-of-hard-knocks/hard-knocks-interviews/123-uf0Or7n8_bU,uf0Or7n8_bU,inventory-verified,,,,,pending-substantive-read,,
school-of-hard-knocks/hard-knocks-interviews/124-O_pe_5L769E,O_pe_5L769E,inventory-verified,,,,,pending-substantive-read,,
school-of-hard-knocks/hard-knocks-interviews/125-RI8aZSK1Nr4,RI8aZSK1Nr4,inventory-verified,,,,,pending-substantive-read,,
school-of-hard-knocks/hard-knocks-interviews/126-Kl2_ddXq0QU,Kl2_ddXq0QU,inventory-verified,,,,,pending-substantive-read,,
school-of-hard-knocks/hard-knocks-interviews/127-94KT6kW4qQ0,94KT6kW4qQ0,inventory-verified,,,,,pending-substantive-read,,
school-of-hard-knocks/hard-knocks-interviews/128-bFnlLPuGoIM,bFnlLPuGoIM,inventory-verified,,,,,pending-substantive-read,,
school-of-hard-knocks/hard-knocks-interviews/129-fEX1Oy51iJs,fEX1Oy51iJs,inventory-verified,,,,,pending-substantive-read,,
school-of-hard-knocks/hard-knocks-interviews/130-48TQYZOgE1s,48TQYZOgE1s,close-read,generated_course_notes/lazyearn/school-of-hard-knocks/hard-knocks-interviews/dynamic_book/editorial/v3/source_cards/problem_01_rich_and_enough.md,scarcity relief;bill security;diminishing consumption returns,"Duplicate of source 132; company transaction is not personal proceeds; no universal threshold.",1;23,integrate-narrative-spine,"Retain Boyd's poverty-to-security distinction as the human center and count it only once.",2026-08-25
school-of-hard-knocks/hard-knocks-interviews/131-8GgL-uvICKY,8GgL-uvICKY,inventory-verified,,,,,pending-substantive-read,,
school-of-hard-knocks/hard-knocks-interviews/132-MQv7Te8VmYI,MQv7Te8VmYI,focused-close-read,generated_course_notes/lazyearn/school-of-hard-knocks/hard-knocks-interviews/dynamic_book/editorial/v3/source_cards/problem_03_growth_and_cash.md,expense multiplication;frugality;growth pacing;ownership,Venture-capital rejection helped in hindsight but could have constrained survival and the reported ownership requires attribution.,11;12;15,integrate-growth-counterclaim,Use Boyd's warning that expenses multiply with scale and distinguish controlled growth from a universal bootstrap prescription.,2026-08-25
school-of-hard-knocks/hard-knocks-interviews/133-BT6YGOROV6c,BT6YGOROV6c,inventory-verified,,,,,pending-substantive-read,,
school-of-hard-knocks/hard-knocks-interviews/134-TpVlJpiV6U8,TpVlJpiV6U8,inventory-verified,,,,,pending-substantive-read,,
school-of-hard-knocks/hard-knocks-interviews/135-8M5QEOicQKQ,8M5QEOicQKQ,inventory-verified,,,,,pending-substantive-read,,
school-of-hard-knocks/hard-knocks-interviews/136-Q0cgOMI5gn0,Q0cgOMI5gn0,inventory-verified,,,,,pending-substantive-read,,
school-of-hard-knocks/hard-knocks-interviews/137-LdMyHHbDdaM,LdMyHHbDdaM,inventory-verified,,,,,pending-substantive-read,,
school-of-hard-knocks/hard-knocks-interviews/138-cttsP_8MjEo,cttsP_8MjEo,inventory-verified,,,,,pending-substantive-read,,
school-of-hard-knocks/hard-knocks-interviews/139-67T9EMIvOlA,67T9EMIvOlA,inventory-verified,,,,,pending-substantive-read,,
school-of-hard-knocks/hard-knocks-interviews/140-jR6g__ogNkc,jR6g__ogNkc,inventory-verified,,,,,pending-substantive-read,,
yale-financial-markets/001-WQui_3Hpmmc,WQui_3Hpmmc,inventory-verified,,,,,pending-substantive-read,,
yale-financial-markets/002-QbosMr2JVrc,QbosMr2JVrc,inventory-verified,,,,,pending-substantive-read,,
yale-financial-markets/003-Iij2mpilSJo,Iij2mpilSJo,inventory-verified,,,,,pending-substantive-read,,
yale-financial-markets/004-_B_24GUWdSM,_B_24GUWdSM,inventory-verified,,,,,pending-substantive-read,,
yale-financial-markets/005-qfK9rCDCicE,qfK9rCDCicE,inventory-verified,,,,,pending-substantive-read,,
yale-financial-markets/006-wRdx7kVNQ_E,wRdx7kVNQ_E,inventory-verified,,,,,pending-substantive-read,,
yale-financial-markets/007-3EzdvkRgToY,3EzdvkRgToY,inventory-verified,,,,,pending-substantive-read,,
yale-financial-markets/008-3Ir6sbDAx4c,3Ir6sbDAx4c,inventory-verified,,,,,pending-substantive-read,,
yale-financial-markets/009-78_GRGjlL6E,78_GRGjlL6E,inventory-verified,,,,,pending-substantive-read,,
yale-financial-markets/010-y_IMH8erqds,y_IMH8erqds,inventory-verified,,,,,pending-substantive-read,,
yale-financial-markets/011-chSHqogx2CI,chSHqogx2CI,inventory-verified,,,,,pending-substantive-read,,
yale-financial-markets/012-W2BURItNYmI,W2BURItNYmI,inventory-verified,,,,,pending-substantive-read,,
yale-financial-markets/013-1mDL1fKEVZM,1mDL1fKEVZM,inventory-verified,,,,,pending-substantive-read,,
yale-financial-markets/014-72qUcUAtRZc,72qUcUAtRZc,inventory-verified,,,,,pending-substantive-read,,
yale-financial-markets/015-rxHu93YzHpc,rxHu93YzHpc,inventory-verified,,,,,pending-substantive-read,,
yale-financial-markets/016-vucQ8ila814,vucQ8ila814,inventory-verified,,,,,pending-substantive-read,,
yale-financial-markets/017-VkUEWUxI6u0,VkUEWUxI6u0,inventory-verified,,,,,pending-substantive-read,,
yale-financial-markets/018-_SpIaGTq0u8,_SpIaGTq0u8,inventory-verified,,,,,pending-substantive-read,,
yale-financial-markets/019-2yycGEFCNYE,2yycGEFCNYE,inventory-verified,,,,,pending-substantive-read,,
yale-financial-markets/020-txTaBKZ8qrs,txTaBKZ8qrs,inventory-verified,,,,,pending-substantive-read,,
yale-financial-markets/021-kAl8DezwLAE,kAl8DezwLAE,inventory-verified,,,,,pending-substantive-read,,
yale-financial-markets/022-YAO0St7mPQM,YAO0St7mPQM,inventory-verified,,,,,pending-substantive-read,,
yale-financial-markets/023-2_pDTWgJg94,2_pDTWgJg94,inventory-verified,,,,,pending-substantive-read,,
