2026-04-05T04:31:11Z	cycle_001	resource_scan
2026-04-05T04:37:46Z	cycle_001	resource_scan
2026-04-05T04:40:50Z	cycle_001	question_bank
2026-04-05T04:43:12Z	cycle_001	book_markdown
2026-04-05T04:46:38Z	cycle_001	book_tex
2026-04-05T04:49:37Z	cycle_001	side_products
2026-04-05T04:51:55Z	cycle_001	readme_sync
2026-04-05T04:56:32Z	cycle_001	website_sync
2026-04-05T05:02:33Z	cycle_001	translation_and_catalog
2026-04-05T05:05:17Z	cycle_001	build_and_verify
2026-04-05T05:09:05Z	cycle_001	review_and_next_tasks
2026-04-05T05:16:42Z	cycle_002	resource_scan
2026-04-05T05:19:50Z	cycle_002	question_bank
2026-04-05T05:23:51Z	cycle_002	book_markdown
2026-04-05T05:27:22Z	cycle_002	book_tex
2026-04-05T05:30:08Z	cycle_002	side_products
2026-04-05T05:33:04Z	cycle_002	readme_sync
2026-04-05T05:36:08Z	cycle_002	website_sync
2026-04-05T05:39:24Z	cycle_002	translation_and_catalog
2026-04-05T05:43:17Z	cycle_002	build_and_verify
2026-04-05T05:47:44Z	cycle_002	review_and_next_tasks
2026-04-05T05:54:15Z	cycle_003	resource_scan
2026-04-05T05:57:05Z	cycle_003	question_bank
2026-04-05T05:59:29Z	cycle_003	book_markdown
2026-04-05T06:03:01Z	cycle_003	book_tex
2026-04-05T06:06:00Z	cycle_003	side_products
2026-04-05T06:09:34Z	cycle_003	readme_sync
2026-04-05T06:13:06Z	cycle_003	website_sync
2026-04-05T06:19:16Z	cycle_003	translation_and_catalog
2026-04-05T06:22:56Z	cycle_003	build_and_verify
2026-04-05T06:27:06Z	cycle_003	review_and_next_tasks
2026-04-05T06:33:54Z	cycle_004	resource_scan
2026-04-05T06:36:50Z	cycle_004	question_bank
2026-04-05T06:40:14Z	cycle_004	book_markdown
2026-04-05T06:45:10Z	cycle_004	book_tex
2026-04-05T06:47:12Z	cycle_004	side_products
2026-04-05T06:50:07Z	cycle_004	readme_sync
2026-04-05T06:55:17Z	cycle_004	website_sync
2026-04-05T07:02:53Z	cycle_004	translation_and_catalog
2026-04-05T07:08:21Z	cycle_004	build_and_verify
2026-04-05T07:14:03Z	cycle_004	review_and_next_tasks
2026-04-05T07:19:45Z	cycle_005	resource_scan
2026-04-05T07:22:43Z	cycle_005	question_bank
2026-04-05T07:25:39Z	cycle_005	book_markdown
2026-04-05T07:30:06Z	cycle_005	book_tex
2026-04-05T07:33:11Z	cycle_005	side_products
2026-04-05T07:35:21Z	cycle_005	readme_sync
2026-04-05T07:38:32Z	cycle_005	website_sync
2026-04-05T07:42:10Z	cycle_005	translation_and_catalog
2026-04-05T07:44:46Z	cycle_005	build_and_verify
2026-04-05T07:46:36Z	cycle_005	review_and_next_tasks
