# order	part	source_subdir	video_id	chapter_title
001	Part I	wholly-different-way-of-living	pg6xdfYe6To	Does Pleasure Bring Happiness
002	Part I	wholly-different-way-of-living	ux-1aRB8Res	Knowledge And The Transformation Of Man
003	Part I	ending-all-fear	ojjZut2-fu0	Learning About Oneself
004	Part I	wholly-different-way-of-living	xvVL3tT5hZM	Knowledge And Conflict In Relationship
005	Part I	wholly-different-way-of-living	pmDUDo_YFoU	What Communication Requires
006	Part I	wholly-different-way-of-living	bUuvpNuX4rM	The Responsible Human Being
007	Part I	wholly-different-way-of-living	z46n67DiiLg	Order From Understanding Disorder
008	Part I	transformation-of-man	UzQF09RhlaU	The Question Of Transformation
009	Part I	transformation-of-man	Dvtxu1QJHeQ	Seeing What We Are
010	Part II	ending-all-fear	1Z32Mh0EiBE	Can Fear End
011	Part II	wholly-different-way-of-living	50eS3GZS6lk	The Nature And Eradication Of Fear
012	Part II	wholly-different-way-of-living	WwL39WoQcEM	Understanding Desire
013	Part II	wholly-different-way-of-living	6NnbKd8_Q28	Being Hurt And Hurting Others
014	Part II	wholly-different-way-of-living	LO-oBa-ZKqQ	Sorrow Passion And Beauty
015	Part II	wholly-different-way-of-living	V2G-j-2v3FU	Love Sex And Pleasure
016	Part II	wholly-different-way-of-living	0D_1XdYRtI4	Death Life And Love
017	Part II	ending-all-fear	MV0tuEXTA-A	Freedom From Violence
018	Part III	wholly-different-way-of-living	3QpZqgTqlEk	The Art Of Listening
019	Part III	ending-all-fear	bciKNE90kzU	Meditation Requires Order
020	Part III	ending-all-fear	2-dFPWqLIqM	What Is Meditation
021	Part III	wholly-different-way-of-living	HhMVrr7-JEk	Attention That Pervades Life
022	Part III	wholly-different-way-of-living	HMyX2FXE9S4	Meditation And The Sacred Mind
023	Part III	wholly-different-way-of-living	cdvb92kSmAE	Religion Authority And Education I
024	Part III	wholly-different-way-of-living	SJ1q9KeGdwI	Religion Authority And Education II
025	Part III	wholly-different-way-of-living	huxxLqcZqCw	A Different Way Of Living
026	Part III	transformation-of-man	ypM8EVALvEo	The Mechanical Way Of Living
027	Part III	transformation-of-man	UT1gtGPBsWQ	Can I Completely Change
028	Part III	transformation-of-man	EDNameIJ1uY	Aloneness And Freedom
029	Part III	transformation-of-man	z3VmciTsopE	The Image Of Yourself
030	Part III	transformation-of-man	iDxzB_oDPnw	The Ending Of Image
031	Part III	transformation-of-man	V9hCYaCOGpk	Life Is Sacred
